303,57.027,63.573,43.403
303,56.920,62.176,43.021
303,56.795,61.222,44.190
303,56.404,60.072,44.016
304,57.128,61.697,45.385
304,57.034,60.875,46.587
304,55.625,60.889,47.172
304,55.234,59.967,47.887
304,58.031,61.355,47.649
304,59.422,60.739,47.550
304,60.282,61.384,46.480
304,61.469,61.657,46.761
304,59.778,61.612,45.361
305,54.866,61.938,46.869
305,53.574,62.148,47.511
305,52.467,61.323,46.870
305,52.378,61.211,45.646
305,53.217,63.638,47.479
305,54.186,64.482,48.304
305,54.157,65.950,47.953
305,53.251,66.377,47.205
305,55.057,66.671,48.433
306,51.616,60.745,47.708
306,50.502,59.943,47.212
306,49.595,60.769,46.311
306,49.293,61.923,46.611
306,49.683,59.370,48.371
306,50.474,58.388,49.221
306,51.414,57.753,48.694
306,50.152,58.249,50.420
307,49.155,60.166,45.213
307,48.152,60.785,44.355
307,46.791,60.619,45.039
307,46.441,59.504,45.421
307,48.151,60.165,42.957
307,49.496,60.420,42.273
307,47.009,60.729,42.122
307,49.687,59.627,41.008
308,46.034,61.721,45.218
308,44.703,61.645,45.844
308,43.736,60.696,45.138
308,43.637,60.703,43.911
308,44.195,63.081,45.759
308,45.434,63.909,45.742
308,46.412,63.120,44.933
309,43.033,59.892,45.938
309,42.162,58.847,45.409
309,40.677,59.186,45.590
309,39.809,58.443,45.142
309,42.513,57.509,46.066
309,43.786,56.882,45.456
309,44.231,55.672,46.217
309,45.452,55.088,45.655
309,45.482,54.087,44.778
309,44.354,53.532,44.342
309,46.651,53.618,44.354
310,40.385,60.332,46.195
310,38.993,60.768,46.324
310,38.483,61.402,45.021
310,39.266,61.915,44.230
310,38.829,61.767,47.470
310,39.969,62.741,47.646
310,41.046,62.191,48.562
310,42.159,61.935,48.071
310,40.781,62.002,49.768
311,37.155,61.398,44.812
311,36.626,62.017,43.590
311,36.854,63.522,43.552
311,36.824,64.174,44.608
311,35.124,61.715,43.639
311,34.947,60.698,44.719
311,36.088,60.860,45.668
312,37.075,64.044,42.352
312,37.284,65.468,42.135
312,36.363,65.975,41.040
312,35.987,65.222,40.146
312,38.730,65.763,41.733
312,39.791,65.179,42.643
312,40.519,64.019,41.979
312,41.046,64.354,40.652
312,41.357,63.448,39.734
312,41.197,62.153,39.988
312,41.817,63.829,38.548
313,36.028,67.259,41.107
313,35.313,67.923,40.027
313,36.293,68.732,39.191
313,37.085,69.520,39.727
313,34.209,68.829,40.573
313,33.387,69.521,39.475
313,32.424,70.555,40.042
313,31.448,69.951,40.941
313,31.494,70.010,42.270
313,32.466,70.668,42.901
313,30.547,69.413,42.978
314,36.219,68.536,37.879
314,37.052,69.247,36.912
314,36.132,69.939,35.933
314,35.310,69.290,35.294
314,38.009,68.295,36.171
314,38.931,67.564,37.149
314,38.839,69.062,35.149
314,38.373,66.233,37.631
315,36.273,71.251,35.793
315,35.478,71.983,34.815
315,36.399,72.432,33.702
315,37.359,73.168,33.936
315,34.749,73.172,35.440
315,33.878,73.854,34.386
315,33.907,72.716,36.623
316,36.115,71.962,32.494
316,36.932,72.302,31.338
316,36.115,73.149,30.388
316,35.024,72.765,29.978
316,37.457,71.060,30.624
316,38.443,70.312,31.521
316,38.146,71.445,29.312
316,38.821,68.949,31.006
317,36.670,74.298,30.024
317,36.648,74.320,30.057
317,36.045,75.187,29.060
317,36.040,75.196,29.066
317,36.799,75.054,27.748
317,36.805,75.037,27.758
317,37.912,75.565,27.610
317,37.931,75.520,27.632
317,36.058,76.627,29.577
317,36.058,76.654,29.539
317,35.665,76.740,31.015
317,35.379,76.870,30.856
317,34.354,76.856,31.421
317,34.013,76.994,30.979
317,36.410,76.730,32.143
317,35.882,76.986,32.109
317,34.309,76.925,32.739
317,33.701,77.175,32.250
317,35.543,76.849,33.203
317,34.818,77.175,32.956
318,36.201,74.347,26.795
318,36.894,74.008,25.555
318,36.203,74.498,24.291
318,36.618,74.136,23.186
318,37.092,72.491,25.459
318,35.846,71.626,25.675
318,34.873,71.631,24.499
318,33.795,70.653,24.692
318,33.806,69.391,24.257
318,34.837,68.904,23.578
318,32.766,68.600,24.511
319,35.170,75.317,24.431
319,34.495,75.846,23.252
319,34.073,74.735,22.311
319,33.384,73.809,22.730
320,34.485,74.820,21.043
320,34.163,73.778,20.072
320,35.408,73.066,19.552
320,35.576,72.878,18.346
320,33.370,74.364,18.908
320,32.110,74.820,19.351
321,36.254,72.656,20.492
321,36.298,72.683,20.462
321,37.453,71.886,20.200
321,37.411,71.811,20.101
321,37.418,70.595,21.017
321,37.381,70.569,20.975
321,36.657,70.500,21.979
321,36.600,70.481,21.922
321,38.729,72.691,20.530
321,38.788,72.503,20.244
321,38.846,72.856,21.949
321,39.791,71.711,19.593
321,38.676,74.072,19.878
321,39.172,72.680,21.708
322,38.234,69.607,20.646
322,38.293,68.364,21.386
322,38.793,68.581,22.803
322,39.460,69.570,23.094
323,38.465,67.655,23.694
323,38.907,67.735,25.080
323,40.392,67.448,25.226
323,41.023,67.932,26.154
323,38.115,66.759,25.952
323,36.683,67.206,26.229
323,35.793,66.014,26.571
323,36.691,68.219,27.357
324,40.934,66.640,24.324
324,42.352,66.335,24.350
324,42.738,65.195,25.269
324,43.767,65.242,25.951
325,41.912,64.160,25.312
325,42.346,62.912,25.932
325,41.700,61.691,25.284
325,40.741,61.804,24.514
325,42.103,62.923,27.450
325,40.656,63.022,27.883
325,39.882,61.886,28.039
325,40.108,64.241,28.239
325,38.570,61.978,28.490
325,38.803,64.334,28.688
325,38.038,63.201,28.822
326,42.283,60.529,25.574
326,42.257,60.521,25.578
326,41.763,59.241,25.122
326,41.763,59.255,25.042
326,40.999,58.553,26.223
326,41.094,58.466,26.162
326,41.306,58.730,27.404
326,41.548,58.513,27.305
326,42.878,58.297,24.700
326,42.912,58.437,24.447
326,43.519,58.683,23.402
326,42.756,58.173,22.959
326,43.372,59.799,22.917
326,42.598,57.029,22.539
326,44.236,57.740,22.821
326,42.829,59.226,22.156
327,40.029,57.737,25.833
327,39.363,56.861,26.791
327,39.499,55.411,26.380
327,39.542,55.080,25.190
327,37.861,57.189,26.981
327,37.099,57.174,25.651
327,37.688,58.527,27.683
327,35.594,57.071,25.838
328,39.587,54.558,27.398
328,39.574,54.548,27.388
328,39.517,53.115,27.254
328,39.524,53.107,27.208
328,38.442,52.620,28.208
328,38.516,52.583,28.231
328,38.066,53.322,29.152
328,38.259,53.237,29.244
328,40.871,52.441,27.549
328,40.929,52.462,27.369
328,41.877,52.799,26.478
328,41.468,52.665,28.786
328,41.372,52.822,28.956
328,40.900,50.983,27.001
329,37.943,51.413,27.959
329,36.962,50.808,28.837
329,35.556,50.851,28.287
329,35.339,51.196,27.127
330,34.600,50.485,29.138
330,34.584,50.503,29.118
330,33.191,50.498,28.786
330,33.199,50.520,28.689
330,32.655,49.116,28.470
330,32.803,49.243,27.979
330,31.438,48.884,28.457
330,31.835,49.214,27.218
331,33.574,48.189,28.223
331,33.214,46.844,27.803
331,33.270,45.972,29.045
331,34.337,45.795,29.629
331,34.161,46.325,26.717
331,34.217,47.197,25.471
331,35.497,47.003,24.687
331,35.729,45.881,24.188
331,36.275,47.972,24.577
332,32.125,45.438,29.449
332,32.029,44.717,30.707
332,31.613,45.610,31.870
332,31.611,45.182,33.016
332,33.375,44.079,31.032
333,31.278,46.860,31.587
333,30.899,47.775,32.647
333,32.069,47.946,33.603
333,31.898,48.183,34.791
334,33.268,47.815,33.056
334,34.504,48.028,33.799
334,34.651,49.481,34.273
334,35.275,49.747,35.295
334,35.711,47.602,32.968
334,35.785,48.248,31.602
334,36.368,47.321,30.559
334,36.899,46.260,30.945
334,36.299,47.650,29.358
335,34.106,50.404,33.494
335,34.287,51.827,33.720
335,35.024,52.454,32.545
335,35.580,51.752,31.713
336,35.016,53.781,32.497
336,35.654,54.572,31.448
336,36.875,55.244,32.042
336,36.743,55.981,33.021
336,34.681,55.628,30.888
336,33.371,54.978,30.420
336,35.343,56.468,29.789
336,33.528,53.995,29.275
337,38.046,55.004,31.458
337,39.317,55.503,32.006
337,40.079,56.340,30.998
337,40.024,56.080,29.790
337,40.217,54.342,32.448
337,39.627,53.506,33.532
337,38.705,52.512,33.239
337,39.988,53.712,34.851
337,38.160,51.742,34.242
337,39.441,52.937,35.860
337,38.525,51.965,35.557
338,40.800,57.335,31.499
338,41.693,58.127,30.675
338,42.973,57.334,30.453
338,43.636,56.943,31.412
338,41.991,59.494,31.316
338,40.690,60.288,31.520
338,42.991,60.273,30.455
338,40.900,61.692,32.127
339,43.326,57.115,29.188
339,44.551,56.398,28.843
339,45.693,57.285,28.332
339,46.818,56.809,28.140
339,44.248,55.378,27.770
339,43.714,56.057,26.644
340,45.398,58.555,28.077
340,46.332,59.452,27.396
340,45.802,60.872,27.472
340,44.615,61.102,27.227
340,46.514,59.024,25.932
340,47.403,59.931,25.105
340,46.895,61.085,24.524
340,48.721,59.593,24.847
340,47.695,61.902,23.744
340,49.526,60.408,24.067
340,49.003,61.565,23.511
341,46.677,61.808,27.833
341,46.671,61.815,27.816
341,46.362,63.236,27.822
341,46.319,63.228,27.770
341,47.208,63.911,26.750
341,47.202,63.925,26.759
341,48.432,63.791,26.754
341,48.427,63.835,26.810
341,46.616,63.899,29.197
341,46.430,63.880,29.151
341,45.900,63.140,30.330
341,45.348,63.307,30.065
341,46.221,65.378,29.158
341,46.310,65.406,29.050
341,44.499,63.634,30.664
341,45.471,63.741,31.492
342,46.558,64.629,25.836
342,47.256,65.302,24.751
342,47.969,66.553,25.235
342,47.368,67.405,25.870
342,46.259,65.671,23.644
342,46.792,66.444,22.442
342,47.761,65.596,21.638
342,45.630,66.912,21.584
343,49.253,66.669,24.919
343,49.999,67.869,25.255
343,49.336,69.092,24.625
343,49.122,69.131,23.407
343,51.454,67.745,24.789
344,49.029,70.092,25.450
344,48.533,71.363,24.944
344,47.034,71.439,24.739
344,46.504,72.503,24.385
345,46.346,70.320,24.947
345,44.908,70.261,24.772
345,44.182,70.781,26.001
345,44.804,71.039,27.023
346,42.859,70.961,25.904
346,42.131,71.525,27.047
346,42.291,70.714,28.335
346,42.438,71.316,29.402
346,40.678,71.537,26.550
346,40.818,71.705,25.066
346,42.002,70.843,24.712
347,42.282,69.386,28.257
347,42.450,68.576,29.466
347,43.830,68.790,30.095
347,43.960,68.858,31.325
347,42.223,67.108,29.166
348,44.861,68.894,29.263
348,46.203,69.198,29.753
348,46.214,70.547,30.450
348,46.725,70.676,31.567
348,47.212,69.191,28.605
348,48.643,69.480,29.064
348,48.954,69.287,30.264
348,49.466,69.894,28.216
349,45.633,71.546,29.799
349,45.676,72.910,30.325
349,44.956,73.012,31.678
349,45.295,73.873,32.493
349,45.064,73.890,29.318
349,45.759,74.081,27.960
349,45.496,75.476,27.415
349,47.243,73.840,28.027
350,43.988,72.133,31.928
350,43.281,72.121,33.215
350,44.221,71.742,34.356
350,44.066,72.216,35.484
350,42.094,71.151,33.185
350,42.477,69.824,33.518
351,45.187,70.880,34.058
351,46.135,70.402,35.046
351,45.531,69.477,36.088
351,46.178,69.170,37.090
352,44.313,68.995,35.844
352,43.550,68.322,36.884
352,43.083,66.912,36.509
352,42.304,66.300,37.245
352,42.335,69.168,37.250
352,42.692,70.519,37.855
352,41.521,71.490,37.869
352,41.734,72.684,37.570
352,40.391,71.063,38.186
353,43.542,66.414,35.366
353,43.236,65.053,34.923
353,44.524,64.322,34.611
353,45.499,64.939,34.210
353,42.352,65.061,33.677
353,40.936,65.605,33.845
353,40.268,65.818,32.502
353,40.120,64.673,34.703
354,44.509,63.003,34.750
354,44.540,63.010,34.820
354,45.668,62.201,34.378
354,45.718,62.211,34.481
354,45.286,60.806,33.911
354,45.337,60.822,33.983
354,44.180,60.322,34.161
354,44.220,60.349,34.203
354,46.647,62.098,35.548
354,46.666,62.096,35.682
354,46.078,61.451,36.788
354,46.239,61.135,36.766
354,47.045,61.606,37.954
354,47.264,61.125,37.899
354,48.390,61.174,37.583
354,47.136,62.294,38.770
354,49.515,61.783,37.945
354,48.152,63.010,39.245
354,50.681,61.299,37.542
354,49.408,62.706,38.937
354,49.490,62.868,38.707
354,47.907,64.048,40.034
355,46.220,60.163,33.218
355,46.275,60.177,33.292
355,46.061,58.768,32.855
355,46.113,58.780,32.908
355,45.794,57.959,34.113
355,45.785,57.970,34.149
355,46.496,58.105,35.111
355,46.443,58.118,35.175
355,47.303,58.239,32.142
355,47.381,58.234,32.245
355,47.172,56.796,31.692
355,47.407,56.708,32.099
355,48.420,56.297,30.987
355,48.744,56.190,31.575
355,49.562,56.045,31.962
355,48.989,56.639,30.154
355,50.746,55.486,31.254
355,49.447,55.519,29.280
356,44.768,57.121,34.057
356,44.385,56.291,35.188
356,43.176,56.802,35.945
356,42.601,56.084,36.773
357,42.775,58.033,35.647
357,41.526,58.567,36.162
357,40.344,57.840,35.535
357,40.296,57.651,34.314
357,41.383,60.058,35.863
357,42.129,60.952,36.840
357,42.383,60.537,37.985
357,42.433,62.098,36.456
358,39.393,57.438,36.370
358,38.085,57.003,35.887
358,37.178,58.203,35.767
358,37.128,59.038,36.669
358,37.441,55.968,36.821
358,36.163,55.383,36.238
358,35.491,54.370,37.146
358,36.006,54.014,38.214
358,34.324,53.892,36.719
359,36.457,58.282,34.652
359,36.456,58.290,34.655
359,35.442,59.303,34.454
359,35.446,59.323,34.483
359,34.138,58.805,35.072
359,34.141,58.811,35.074
359,33.514,57.887,34.542
359,33.519,57.901,34.527
359,35.258,59.629,32.960
359,35.281,59.706,33.006
359,36.604,59.950,32.293
359,36.580,60.324,32.477
359,34.288,60.782,32.781
359,34.113,60.678,32.828
359,37.356,61.088,32.917
359,36.600,60.504,30.991
360,33.739,59.392,36.199
360,32.535,58.953,36.894
360,31.293,59.555,36.252
360,30.261,58.893,36.162
360,32.582,59.323,38.378
360,33.784,58.792,39.160
360,33.619,59.118,40.639
360,33.972,57.290,38.954
361,31.393,60.809,35.821
361,30.266,61.481,35.176
361,30.718,62.661,34.334
361,31.804,63.203,34.537
361,29.264,61.965,36.218
361,29.854,62.937,37.061
362,29.889,63.039,33.366
362,29.851,63.055,33.405
362,30.115,64.253,32.597
362,30.067,64.215,32.555
362,28.815,65.042,32.588
362,28.794,65.050,32.565
362,27.773,64.525,32.197
362,27.743,64.577,32.137
362,30.608,63.950,31.159
362,30.438,63.798,31.120
362,29.599,63.109,30.396
362,30.663,65.025,30.236
362,30.900,65.252,30.409
362,31.665,62.905,31.131
363,28.884,66.286,33.051
363,27.715,67.155,33.138
363,26.551,66.453,33.830
363,25.392,66.587,33.422
363,27.306,67.630,31.741
363,28.341,68.539,31.121
363,29.275,68.984,31.791
363,28.177,68.832,29.837
364,26.875,65.698,34.876
364,25.858,65.053,35.692
364,25.376,63.721,35.142
364,24.582,63.025,35.786
365,25.856,63.363,33.955
365,25.514,62.086,33.339
365,26.480,61.010,33.846
365,27.677,61.069,33.575
365,25.551,62.179,31.800
365,25.223,60.833,31.171
365,24.579,63.257,31.297
366,25.944,60.037,34.580
366,26.729,58.962,35.207
366,27.317,58.009,34.151
366,26.574,57.405,33.367
366,25.815,58.221,36.205
366,26.498,57.070,36.942
366,27.723,56.884,36.850
366,25.768,56.330,37.636
367,28.646,57.895,34.111
367,29.324,57.038,33.133
367,29.998,55.830,33.782
367,30.746,55.104,33.138
367,30.374,57.832,32.350
367,29.904,59.012,31.497
367,31.068,59.621,30.734
367,28.812,58.579,30.534
368,29.740,55.599,35.058
368,30.381,54.475,35.732
368,30.093,53.163,35.015
368,30.944,52.283,34.962
368,29.928,54.389,37.185
368,30.508,55.484,38.067
368,29.950,55.408,39.475
368,28.506,55.523,39.425
368,27.665,54.921,40.255
368,28.117,54.172,41.247
368,26.367,55.085,40.089
369,28.900,53.036,34.445
369,28.501,51.791,33.801
369,28.234,51.987,32.311
369,27.534,51.199,31.676
369,27.290,51.221,34.536
369,27.625,50.883,35.988
369,27.223,51.583,36.915
369,28.415,49.839,36.178
370,28.840,53.026,31.742
370,28.660,53.342,30.332
370,29.315,52.326,29.404
370,30.307,51.683,29.757
370,29.218,54.731,30.038
371,28.747,52.195,28.210
371,29.399,51.492,27.120
371,30.428,52.433,26.487
371,30.346,53.659,26.644
371,28.373,51.026,26.086
371,27.795,52.132,25.412
372,31.390,51.873,25.766
372,32.493,52.677,25.254
372,32.025,53.777,24.301
372,32.356,54.952,24.488
372,33.526,51.794,24.552
372,34.730,52.555,24.083
372,35.866,52.683,24.851
372,34.950,53.262,22.955
372,36.745,53.435,24.203
372,36.213,53.796,23.051
373,31.232,53.386,23.312
373,31.268,53.428,23.260
373,30.788,54.303,22.273
373,30.868,54.455,22.291
373,29.884,55.407,22.841
373,29.939,55.485,22.934
373,29.994,56.563,22.440
373,30.081,56.680,22.677
373,30.072,53.521,21.169
373,30.188,53.863,21.049
373,30.962,52.486,20.470
373,29.804,54.950,20.030
373,31.085,51.155,21.226
373,29.224,54.407,18.733
373,31.767,50.255,20.698
373,29.174,53.171,18.567
373,30.513,50.993,22.333
373,28.818,55.224,17.876
374,29.000,55.055,23.775
374,28.108,56.037,24.398
374,28.882,56.995,25.296
374,28.514,58.156,25.406
374,26.993,55.387,25.224
374,25.792,54.849,24.463
374,25.190,55.787,23.403
374,24.890,56.965,23.648
374,24.982,55.246,22.229
375,29.932,56.513,25.960
375,30.782,57.388,26.757
375,31.421,58.441,25.858
375,31.440,59.630,26.178
375,31.865,56.575,27.487
376,31.953,57.992,24.731
376,32.614,58.893,23.793
376,31.611,59.921,23.284
376,31.910,61.103,23.181
376,33.210,58.113,22.645
377,30.408,59.462,22.965
377,29.370,60.360,22.490
377,29.024,61.381,23.573
377,28.897,62.569,23.285
377,28.133,59.564,22.051
377,28.431,58.829,20.741
377,26.926,60.483,21.865
377,27.425,57.739,20.428
378,28.879,60.925,24.818
378,28.561,61.822,25.926
378,29.596,62.931,26.069
378,29.250,64.093,26.290
378,28.459,61.046,27.230
379,30.867,62.549,25.967
379,31.975,63.488,26.080
379,32.026,64.448,24.891
379,32.134,65.657,25.066
379,33.293,62.717,26.215
379,33.447,62.032,27.584
379,34.454,60.884,27.561
379,33.855,63.073,28.623
380,31.940,63.913,23.680
380,32.031,64.736,22.485
380,30.861,65.716,22.357
380,31.002,66.788,21.763
380,32.096,63.855,21.236
380,33.421,63.138,21.054
380,33.391,62.302,19.799
380,34.666,61.506,19.626
380,34.684,60.762,18.333
381,29.704,65.345,22.904
381,28.502,66.163,22.777
381,28.165,66.927,24.051
381,27.051,67.443,24.190
381,27.307,65.288,22.386
381,27.378,64.811,20.951
381,26.867,65.465,20.042
381,28.014,63.667,20.738
382,29.114,67.018,24.970
382,28.838,67.564,26.295
382,28.671,69.081,26.286
382,28.207,69.660,27.271
382,29.948,67.172,27.265
383,29.039,69.725,25.185
383,28.938,71.168,25.101
383,30.259,71.846,25.397
383,31.276,71.183,25.603
384,30.245,73.175,25.413
384,31.479,73.946,25.507
384,32.069,73.870,26.918
384,33.283,73.832,27.082
384,31.218,75.398,25.096
384,30.596,75.514,23.696
384,29.977,76.870,23.422
384,30.602,77.740,22.823
384,28.735,77.050,23.849
385,31.201,73.843,27.924
385,31.624,73.683,29.313
385,31.389,72.254,29.747
385,30.251,71.783,29.770
385,30.860,74.615,30.277
385,30.925,75.969,29.805
385,31.450,74.531,31.675
386,32.468,71.577,30.120
386,32.416,70.156,30.410
386,32.791,69.924,31.865
386,33.929,70.151,32.257
386,33.339,69.383,29.453
386,33.254,67.882,29.700
386,32.974,69.718,28.021
387,31.821,69.485,32.662
387,32.044,69.227,34.085
387,32.226,67.731,34.309
387,31.276,66.950,34.224
387,30.888,69.754,34.947
387,30.762,71.173,34.764
387,31.135,69.449,36.432
388,33.464,67.349,34.605
388,33.805,65.954,34.810
388,33.995,65.692,36.293
388,34.632,66.479,36.992
388,35.078,65.590,34.021
388,34.774,65.553,32.524
388,35.662,64.237,34.464
388,35.990,65.600,31.675
389,33.409,64.599,36.770
389,33.431,64.593,36.774
389,33.773,64.031,38.061
389,33.797,64.068,38.082
389,34.703,62.875,37.753
389,34.677,62.864,37.813
389,34.335,61.957,37.016
389,34.250,61.906,37.164
389,32.555,63.564,38.879
389,32.572,63.714,38.940
389,31.540,64.699,39.039
389,31.805,64.992,39.287
389,33.009,63.039,40.234
389,33.012,62.986,40.203
389,32.102,65.961,39.662
389,30.438,64.756,39.866
390,35.918,62.931,38.289
390,36.906,61.898,38.020
390,37.446,61.353,39.326
390,37.414,62.029,40.361
390,38.031,62.445,37.163
391,37.931,60.125,39.272
391,38.496,59.480,40.441
391,39.655,58.596,39.992
391,39.517,57.799,39.067
391,37.436,58.661,41.175
391,37.965,57.997,42.434
391,36.850,57.489,43.311
391,35.788,57.081,42.823
391,37.073,57.516,44.617
392,40.796,58.746,40.654
392,42.021,58.056,40.266
392,41.982,56.584,40.680
392,41.842,56.265,41.862
392,43.217,58.778,40.890
392,44.561,58.270,40.422
392,44.895,58.246,39.077
392,45.509,57.832,41.334
392,46.124,57.786,38.661
392,46.728,57.374,40.922
392,47.039,57.361,39.589
392,48.269,56.900,39.181
393,42.071,55.696,39.687
393,41.901,54.255,39.891
393,42.998,53.503,39.133
393,42.733,52.804,38.150
393,40.518,53.803,39.414
393,39.357,54.282,40.281
393,39.241,53.464,41.545
393,38.037,53.885,42.374
393,37.540,52.773,43.233
394,44.248,53.663,39.579
394,45.382,53.163,38.793
394,45.438,51.643,38.707
394,45.908,51.088,37.704
394,46.599,53.715,39.545
394,46.118,54.000,40.915
394,44.681,54.419,40.764
395,44.982,50.960,39.750
395,45.012,49.503,39.729
395,44.086,48.977,38.636
395,44.473,48.103,37.854
395,44.619,48.924,41.091
395,45.624,49.180,42.207
395,45.545,50.588,42.778
395,44.512,51.275,42.578
395,46.533,51.009,43.418
396,42.862,49.500,38.584
396,42.876,49.517,38.569
396,41.919,49.111,37.538
396,41.921,49.091,37.558
396,42.471,49.465,36.168
396,42.405,49.495,36.162
396,42.385,48.674,35.225
396,42.224,48.751,35.195
396,40.558,49.790,37.731
396,40.535,49.674,37.866
396,39.703,49.173,38.813
396,40.010,49.232,39.228
396,40.061,49.672,40.193
396,38.602,49.708,39.516
396,41.020,50.469,40.315
396,37.833,49.936,38.558
396,39.375,49.274,41.155
396,38.267,49.855,40.709
397,43.038,50.661,36.058
397,43.541,51.129,34.783
397,44.667,50.237,34.275
397,44.780,49.970,33.073
397,44.056,52.582,34.862
397,44.764,52.910,33.581
397,44.056,53.243,32.437
397,46.139,52.777,33.477
397,44.689,53.469,31.251
397,46.780,53.004,32.294
397,46.048,53.344,31.176
397,46.666,53.566,29.980
398,45.512,49.787,35.196
398,45.509,49.776,35.193
398,46.729,49.069,34.825
398,46.694,49.005,34.823
398,46.446,47.773,34.062
398,46.365,47.745,34.019
398,47.336,47.241,33.396
398,47.201,47.255,33.258
398,47.561,48.766,36.078
398,47.483,48.627,36.079
398,46.983,47.723,36.844
398,48.171,49.750,36.598
399,45.218,47.267,34.147
399,45.153,47.224,34.179
399,44.852,46.044,33.437
399,44.734,46.036,33.442
399,44.756,46.270,31.928
399,44.734,46.268,31.931
399,44.830,45.321,31.148
399,44.867,45.325,31.154
399,43.521,45.494,33.954
399,43.342,45.591,33.892
399,42.292,46.173,33.370
399,43.297,45.036,35.306
400,44.578,47.523,31.519
400,44.431,47.853,30.107
400,45.761,47.954,29.372
400,45.862,47.590,28.202
400,43.697,49.186,29.944
400,42.256,49.144,30.355
400,41.298,48.639,29.500
400,41.858,49.656,31.574
400,39.972,48.611,29.869
400,40.528,49.635,31.947
400,39.590,49.117,31.093
401,46.768,48.492,30.051
401,48.013,48.848,29.379
401,49.080,47.805,29.662
401,49.312,47.431,30.809
401,48.493,50.241,29.812
401,49.629,50.775,28.934
401,49.994,52.240,29.180
401,49.304,52.935,29.974
401,50.985,52.696,28.562
402,49.734,47.341,28.606
402,50.729,46.277,28.721
402,51.850,46.628,29.697
402,52.317,47.767,29.739
402,51.309,45.955,27.343
3,38.849,43.549,26.718
3,39.205,44.947,26.506
3,39.981,45.143,25.208
3,40.840,44.339,24.858
3,40.025,45.476,27.683
4,39.659,46.213,24.492
4,40.366,46.559,23.276
4,39.980,48.029,22.847
4,40.831,48.667,22.224
4,40.022,45.588,22.150
5,38.808,48.729,22.929
5,38.833,48.745,22.946
5,38.456,49.940,22.185
5,38.477,49.942,22.182
5,39.145,51.160,22.767
5,39.158,51.171,22.758
5,39.313,51.253,23.975
5,39.303,51.280,23.967
5,36.944,50.155,22.220
5,36.963,50.155,22.213
5,36.130,49.027,21.612
5,36.150,49.048,21.565
5,34.646,49.216,21.875
5,34.663,49.222,21.832
5,33.938,47.892,22.127
5,34.026,50.169,20.826
5,32.605,47.838,21.466
5,32.531,50.165,20.848
6,39.516,52.103,21.912
6,39.550,52.100,21.895
6,40.056,53.370,22.385
6,40.054,53.390,22.350
6,39.646,54.533,21.484
6,39.567,54.518,21.464
6,39.653,54.422,20.269
6,39.651,54.449,20.250
6,41.574,53.285,22.518
6,41.574,53.400,22.418
6,42.175,54.472,23.236
6,42.096,52.846,23.716
6,43.463,54.161,23.969
6,43.468,53.368,24.081
6,44.183,55.060,24.351
6,43.713,54.570,24.115
6,43.761,52.887,24.147
6,44.366,52.453,24.376
7,39.191,55.613,22.102
7,38.661,56.745,21.358
7,39.229,58.070,21.856
7,39.302,58.319,23.059
7,37.115,56.800,21.455
7,36.539,55.556,21.009
7,36.566,57.946,20.618
8,39.634,58.924,20.924
8,39.636,58.916,20.916
8,40.095,60.255,21.276
8,40.050,60.271,21.242
8,38.891,61.203,21.337
8,38.822,61.154,21.375
8,38.063,61.223,20.413
8,37.910,61.089,20.539
8,41.138,60.740,20.264
8,40.979,60.833,20.169
8,40.598,60.772,18.953
8,42.070,59.975,19.937
9,38.794,61.971,22.422
9,37.684,62.898,22.635
9,38.193,64.307,22.886
9,37.386,65.241,22.956
9,36.785,62.451,23.807
9,36.223,61.071,23.550
9,37.553,62.471,25.132
9,39.394,64.543,23.042
