pos,aa,efi,ebi
0,,-7.305691319989728,1.3351635652561282
10,C,1.2768471989752608,0.16267102593564073
10,F,0.8092071136706632,0.22872497587046833
10,W,0.845862800636402,0.06113156757084137
10,Q,1.0453623188757046,0.20927074665988166
10,I,0.230574699752274,0.09669741333919481
10,E,2.0045503522734878,0.3431294464029692
10,Y,1.0782128228942098,0.13738573749840924
10,M,1.0498837546420146,0.5298738820250141
10,P,1.4617092857642213,0.9794425243141324
10,H,0.6711822315800103,0.058170044688458385
10,T,0.9750607941483935,0.10119491596003435
10,A,1.0220509193001335,0.23421801178811535
10,D,2.163457814216526,0.23526615142042084
10,N,0.9729364704361607,-0.01852980940126321
10,S,1.2542995643044548,0.3007609735575744
10,V,0.541921198331941,0.053343546254610484
10,L,0.12640272131613028,0.11021670988701901
10,G,1.9034254807126323,0.6447938367896549
10,R,-0.3573846112360762,-0.39504488852028063
11,K,0.028686538821629522,0.9628872130331769
11,N,0.10457782795495157,0.9585954117501749
11,M,0.7067960427711223,1.4600294702010406
11,I,0.7275330412847265,1.0720416527582477
11,C,0.4008570635238671,1.0194942655838135
11,V,0.5274198037435842,1.012030786059499
11,F,0.07616632536953657,1.0329831909396368
11,D,0.9826441434687889,1.214332451872075
11,Y,-0.1644918618511329,0.939883593258155
11,A,0.47614738451196076,1.116554431426478
11,E,1.1579078289912805,1.244103343098254
11,W,-0.10980132393914116,0.9764644740949858
11,H,0.07643738069069776,1.042087537291809
11,G,0.9890865679396332,1.3566001017096379
11,L,0.4655921155534038,1.0859202093356695
11,S,0.29883392819732607,0.4569272653679265
11,Q,0.7647594012169158,1.0914913237096873
11,P,3.2205717198911263,1.7974174125426123
11,R,-0.018644752178426333,0.9388912469956099
12,F,-1.0523080885569185,1.2111509654895865
12,C,-0.03764514626886634,1.2488887227387488
12,W,-0.361350263519574,1.7848251016866536
12,K,0.64554524667064,1.70702151670341
12,D,2.1147049294724467,2.0981650127236895
12,I,0.3216502105712338,0.9881312241057073
12,Q,1.1500782170418435,1.6498501624853685
12,Y,-0.9328462002642318,2.1557868314935793
12,M,0.4876846449596269,1.4627405285288895
12,E,1.7596895959158119,1.8994730310006689
12,H,-0.14490595926531089,1.8733000135908158
12,N,1.5771033391421474,2.0692966598045723
12,V,0.29219378791122114,1.2212972126735722
12,T,0.7735980604294522,1.6686278591396995
12,A,1.3571662626105916,1.8152666544998155
12,S,1.2703233946478643,1.8269661117514593
12,P,3.3177687047273485,2.3609818455950844
12,G,1.3420144430431626,1.6934501458488183
12,R,0.6517665805485019,1.69129733171134
13,C,0.8030528549437582,0.02248735293086349
13,W,1.0070942513732952,-0.462632034337552
13,F,1.379622564486901,0.3861186845594888
13,G,2.3050664513143166,0.47736475227563463
13,Y,0.6117725754825877,0.6831743199955402
13,D,2.4193558154484793,0.7819408200969137
13,M,1.357754413889042,0.3371259211986021
13,H,0.96883981615372,0.4142446259678839
13,I,1.0582531064620229,0.3129565642756258
13,E,2.2905834321946714,0.3731515256291376
13,N,1.221761481676036,0.039494159868430884
13,Q,0.3735372766134733,0.21035520803914695
13,V,0.9724230325000793,0.14048889583784466
13,R,0.02392490827178409,-0.2015964375530571
13,A,1.5538931032575678,0.20066326728410797
13,L,1.414041944906633,0.689029704083281
13,S,0.8769313848571348,-0.34649173910310244
13,T,0.8771014030161848,-0.4942201356468593
13,P,2.5772454195206187,1.8206394915911799
14,W,-0.41696151152971006,1.2041549227442392
14,K,-0.28093469744413263,2.0814009286781565
14,C,-0.6708851816071951,1.5757895775385207
14,I,-1.1401830863763365,1.758578576839338
14,Y,-0.7564454958026182,1.9599102693859385
14,N,0.7691742665817399,1.7011827792510132
14,F,-0.45947420967842806,2.212577407697052
14,D,0.3207802177749146,2.0609530612730267
14,M,-0.3072842675539714,2.634878968278711
14,E,0.485864524172843,1.4227572225012324
14,Q,0.08960844179813289,1.7368068628017517
14,H,-0.12688859102991493,1.7787392582015251
14,V,0.1394142176586465,1.5485215863134003
14,S,0.007579178280808011,1.6733677585944915
14,T,-0.40861320571390186,1.5788502215732858
14,A,-0.2957191954848333,1.5652913381560098
14,R,-0.2396354522021141,1.798956939096234
14,L,-0.8573374759893554,2.1321719942919746
14,P,2.8353372242102814,2.496680180157812
15,C,-0.2835682901079902,-0.09751399731529456
15,W,-0.4434293981751591,-0.27871165567379824
15,F,-0.3926594990115633,-0.07779058791828358
15,Y,-0.5516094890594222,-0.4577324636635858
15,K,0.7700627215526299,0.04571107055104476
15,I,-0.3949200840545129,-0.2315784048635915
15,Q,0.23820264177430506,-0.21790432466254703
15,M,-0.2340371543324648,0.3869291156031147
15,D,1.7257889983017332,0.6247055672467934
15,H,0.3653722666521887,-0.48849637238552446
15,N,1.2042993498786017,0.3480766901569805
15,A,0.7070905954182094,0.24433930221589892
15,T,-0.2085649866240914,-0.3109981037010707
15,V,-0.556658270596334,-0.29517900896729066
15,G,1.2768468348139377,0.9208155174630549
15,S,0.04178861791291194,-0.289377903990545
15,P,0.9763733817352944,1.6737917868055174
15,R,0.3956124767412383,-0.2660976214827601
15,L,0.39196889150316355,0.22692282351783896
16,N,1.5397006106878528,0.8179903652875226
16,D,3.4319285951149623,1.5820662415586135
16,K,0.7132737356961725,0.14538109189000878
16,Y,-0.9708032020643934,1.05563211182264
16,C,-0.2862820257411108,0.6930567597486322
16,H,-0.14370790498631802,0.7037020177009762
16,F,-1.0848040588028718,1.0488582701309885
16,I,-0.794231539636628,0.23323753466027455
16,E,2.174670366585777,0.7881443341884333
16,A,0.6548655464950842,0.8883724376602087
16,W,-1.4241389854152882,1.2943065570817351
16,Q,0.4513322949301245,0.487122892700128
16,M,-0.6190425284854235,0.7700389095700786
16,V,-0.391217539403585,0.28985793005140675
16,S,0.7564918984578751,0.709540245015702
16,L,-0.29679304543207863,0.35722154112507304
16,P,4.570262587359842,0.9730600217768153
16,R,0.42586989004083226,-0.04211789817966461
16,G,2.6137153179464945,0.7845985980822844
17,C,0.49048776231874497,0.005765524963520702
17,M,0.4243198947462993,0.23398768544782061
17,Q,0.6748835920569045,0.06158470992904141
17,W,-0.5738520114107108,-0.275450601330226
17,Y,-0.4626136094584526,-0.045050786384968365
17,K,1.0743516557531438,0.07778639030866707
17,F,-0.29854548812953646,-0.041034670095097335
17,I,0.44505042886803514,0.42714890664906513
17,D,2.188032992866003,0.928033454276511
17,N,1.237920722916566,0.3902989150819073
17,E,1.3189754492788983,0.42478193646901374
17,H,0.37337961902304,-0.21626903222044538
17,V,0.339348077768395,0.36331335412309673
17,L,0.6389962745149584,0.28984503706954423
17,P,5.012761268912169,1.1473166187415695
17,A,0.8996614996423964,-0.12019517052075364
17,R,0.7424737320358373,-0.2625077155644016
17,S,0.3568424579134845,-0.01642790078136807
17,G,1.8946569221365317,-0.5477336880144825
18,F,0.5609429100934583,0.2708763049781295
18,W,1.1175093192776828,0.1382798329205155
18,Y,-0.004793668871447284,0.2092206889586495
18,I,-0.369358134461946,0.32491861586738935
18,C,-0.24603948824376332,-0.04790540746200228
18,M,0.1118564874455153,1.2718031287019436
18,K,2.5784232469550337,-0.09650677138771707
18,N,2.6517177501163505,0.3859519932087815
18,D,3.8412875256055945,1.5265986038861905
18,H,0.9502916890021897,0.08643122515623676
18,Q,1.728103494737809,0.5364653526213036
18,E,2.7463430768497776,1.5613847711435858
18,A,0.7475300190852447,0.03235801754293002
18,V,-0.16709892237979104,0.018252843073401814
18,G,3.272487229237343,0.6087346019878834
18,P,6.811803472667703,2.875506457392637
18,R,1.8035529416357186,-0.2236449527708903
18,L,-0.10399833190242175,0.7122815809425957
18,S,1.800433346910927,0.21067109862866348
19,W,-1.1044435507501629,-0.4204828779520929
19,C,-0.2322023013726648,-0.2961323053501478
19,Y,-0.64602120267862,-0.3905989808666349
19,H,0.08018195910668952,-0.3580542549444073
19,F,-0.736133479077012,-0.41513936746983104
19,I,-0.6097258113235894,-0.41154769926243645
19,Q,0.24598600325449013,-0.3236473402302192
19,K,0.6258924079799568,-0.4295708386271914
19,V,-0.406384681394539,-0.4060159606793387
19,D,0.36893221109639585,-0.032171140053705326
19,M,-0.20114510536823874,-0.051415176273143154
19,N,0.1757506329319798,-0.3376461308903241
19,R,0.43847767883389493,-0.4816147914973419
19,P,2.7409082600296233,-0.3701394498228112
19,A,1.15632974869027,-0.31926569475525746
19,L,-0.05527973950749881,-0.3704143912212675
19,T,-0.1797773239933415,-0.2882619384892236
19,S,0.5402301142915984,-0.27312691645561993
19,G,2.405024998984279,-0.2925046236484595
2,W,-0.9296082201128327,-0.2778610588381082
2,F,-0.8702212129552426,-0.431600731554977
2,M,-0.355611261655416,-0.28048275337682177
2,E,1.1269644222544533,0.18511037953979204
2,K,-0.8791943670231072,-0.22594113757310547
2,D,2.676373812838884,0.19901883486969726
2,Y,-0.47905580166140277,-0.2403405276299766
2,G,2.099273210481738,-0.16952278696370987
2,C,1.9264440127493798,0.09702542447899887
2,I,-0.5162546649274719,-0.1020077000449707
2,V,1.014551568714823,-0.03336256543320925
2,A,1.977037809247223,-0.35478370923064917
2,N,1.3592132230722778,-0.019028997378643473
2,T,0.8175537677678704,-0.20903630216495614
2,S,1.594542759244132,-0.16358523871884928
2,H,-0.47536131078892085,-0.10386636790857198
2,R,-1.0908497993588988,-0.40033348932943974
2,L,-1.4050167990467095,-0.21195424058261686
2,P,1.3691700527676534,-0.2959283421223243
20,W,3.795646024187641,1.2392938924143573
20,K,3.8604491146255095,-0.5688768205940433
20,E,2.575697205510625,1.2409905446116627
20,F,1.1088170123252064,1.707647250931131
20,I,4.227652663823995,1.3600779838969252
20,D,3.202483561892782,1.6110749641116686
20,M,3.3968112183133887,0.8841908770135084
20,C,1.167561243643608,0.31302705529870173
20,Y,3.37499726606014,1.410235508799866
20,N,3.0128980423626044,0.41133144354376094
20,Q,1.0228094754904455,0.32579372072916285
20,T,1.9059380095594678,0.03688436592385186
20,H,2.7799783734340324,0.6968909694559584
20,G,2.6111610462987445,0.30036720386977384
20,V,2.329118459567045,0.12220967582088427
20,S,1.2383537280842773,0.031452445789661276
20,P,5.947524612411574,1.2743363489704655
20,R,3.8311350976588114,-1.179541952303886
20,L,3.6663951150518637,1.1637826404898155
21,N,0.28349285452363965,0.06421814146742484
21,D,0.14871886144287128,0.5553761940919305
21,Y,0.5580469436547018,-0.26467887577209837
21,F,0.483358153013708,-0.228710900758117
21,A,-0.03374317901157405,0.22799526453503824
21,C,0.20131660451635894,0.016199306234719484
21,H,0.25173822463742973,0.058563968552423046
21,E,0.012297672163688685,0.7276867953426349
21,K,0.10979397660338573,0.18818010284580583
21,I,0.14167685887570355,-0.00374104945103773
21,W,0.6928452560683189,-0.34030469508701294
21,Q,0.1940840231642164,0.18266194992099613
21,S,0.1973286080050231,0.16749459748830225
21,M,0.4693050281969799,0.47215497410964463
21,P,-0.36334046862116604,0.26390836227746495
21,T,0.2120239936333524,0.2079051517769599
21,G,0.6499697445773827,0.04853129111486945
21,R,0.41253160867366145,-0.4511515995175323
21,L,0.28433601679218035,0.1203756548238057
22,F,3.5910799647115526,-0.38865902781022754
22,A,3.2314061570388337,-0.5636882782044513
22,Y,3.4604200387142963,-0.39953059381191974
22,C,1.7159967095932052,-0.4223950302002873
22,H,2.9363903139805867,-0.35327845226436855
22,K,3.8942345473260285,0.11662207274819396
22,W,3.8600095247807995,-0.6048557777877448
22,Q,3.6533759384784177,-0.5066798809522283
22,N,0.9588198964793796,-0.10361385091083289
22,E,2.60050822376625,-0.49045203178628827
22,P,6.070581271554087,-0.08512368568264553
22,I,3.943769198168188,-0.34003852017742525
22,T,2.2613796783796944,-0.2964916640193239
22,M,3.38850703482418,-0.08741210855147184
22,G,3.0860858153065123,-0.3344677522527468
22,V,3.996370013637989,-0.466364873506566
22,R,3.9911724963402486,-0.15743326637657934
22,S,1.4829151951829411,-0.11475539587905165
22,L,3.2162971720966023,-0.4073756862602847
23,D,1.523971031877336,1.225488864569226
23,H,0.5108377287172434,3.1442978487707887
23,Y,-2.734402806401419,6.160693506952927
23,N,1.5618000424091727,0.9466187971411969
23,Q,-0.37184200768942816,2.945965196229573
23,K,-0.522672068460442,3.1786104118476004
23,I,-4.762993313597948,2.890211567372583
23,M,-4.536143229716135,3.8996721434639263
23,E,0.4362780117844654,1.7208353409065402
23,C,0.7628477145870287,1.481837770002459
23,W,-1.4994675074401518,6.690682301776311
23,F,-0.6590144109574068,5.829300596989101
23,G,2.376068775907126,1.0323320012868282
23,T,-0.24293784387109776,1.4159998156596303
23,V,-1.307111796354534,1.7317982183692355
23,R,-0.4786116937325798,3.331935915329668
23,S,0.5648762780084748,0.3902153784088523
23,L,-3.596108516825123,2.9109800552969567
23,P,0.7003263963598914,0.046705637375458214
24,H,0.8909722058492018,-2.4407044930205894
24,Q,0.4137757548493989,-1.5412094291641503
24,Y,1.223448082304925,-3.606810516263027
24,W,0.9203608033708242,-2.7217227054547415
24,C,0.4348979455170863,-1.1286706788047445
24,K,0.02289091944142714,2.2934662437102045
24,N,0.9556213630868506,-1.312087572388596
24,D,0.4817188986943985,-0.05320195849462521
24,F,1.1048552175826334,-2.3667507042979317
24,M,0.6305584544778089,-1.0554793922787606
24,E,0.33447442738504807,-2.2191525922037796
24,P,1.028086476101223,-2.1283672119215353
24,I,0.46586315751600443,-0.3573089609418185
24,R,0.5345189785939513,1.096026139533009
24,T,0.7252095595382214,-1.2777715899212225
24,L,0.4468670543331873,-0.21611806341130652
24,S,0.6013179007049787,-0.9674118608881306
24,G,1.072992800428704,-1.2834811479607147
24,V,0.6158529363773658,-0.5186318926309343
25,W,1.2346545749894462,-0.999866777942316
25,Q,-0.04655680628812611,-0.5314328582468982
25,P,4.550406568591395,-0.13476117230567528
25,E,-0.5013667816741633,1.344671476536326
25,K,1.7025326999268802,-0.1341106779195751
25,M,0.23100830014476081,-0.9371937841876867
25,H,0.058985144700269394,-0.3484668315130567
25,C,0.9046975617871185,-0.34894768856188263
25,I,1.2609552547506344,-0.39299913115231877
25,A,-0.38435582938667157,-0.02654197476428541
25,D,0.37732635738826165,1.2777769819706786
25,F,1.1512200394383691,-0.6783048567516015
25,G,0.6605009221212199,0.24106785064429614
25,R,1.7363262067000953,-1.2922540007821246
25,V,1.0841684712910187,0.24449232639581997
25,Y,1.1308984578697365,-0.045834102462825474
25,N,0.8898912354529485,0.20880066809706146
25,S,-0.0021243339334276207,-0.3735704151773722
25,L,1.543680416588057,0.0013085398009146224
26,D,9.015302922717,5.200299041704947
26,N,8.852382047911684,3.240271594881069
26,E,8.060318851725395,5.069920362424978
26,K,8.54856767259039,5.146679236139869
26,Y,10.466680207780323,1.9190052873381422
26,H,10.809500252343115,2.368086678007035
26,F,9.55010005055491,3.137929829661025
26,C,5.060539264514798,0.409698723363549
26,I,5.511169121432075,2.1370173909893446
26,V,4.044234259462913,1.3468146893365778
26,G,4.61902442505247,-0.07397557603934517
26,Q,8.90814726253135,1.2100804079006962
26,W,9.645618589611608,1.260153327405932
26,M,6.4567723914113015,1.990066736598674
26,T,6.764896984537695,0.6314574254563848
26,S,4.2534566264930005,0.06998086851079523
26,P,7.1413721181843455,1.1872235544824261
26,R,5.980003092135887,5.36804608941794
26,L,6.976540347080124,4.926791608469287
27,K,0.2472854268724817,15.0
27,W,0.33673173160024256,15.0
27,Q,0.25336638470894485,15.0
27,F,0.44914328024747113,15.0
27,Y,0.4866761349052812,15.0
27,C,-3.356838104681161,6.571522703175386
27,D,3.5816713507885036,8.976134188507563
27,N,0.3387377841536092,15.0
27,H,0.42102259730410696,15.0
27,A,0.4823365417922642,15.0
27,M,0.5817807811212993,15.0
27,T,0.47888129596447554,15.0
27,I,0.30937835908845696,15.0
27,P,-4.136006746594883,9.592322709260227
27,G,0.9042476907688604,15.0
27,S,1.0725584376824941,15.0
27,V,0.9092098941455824,15.0
27,R,0.9057079406614081,15.0
27,L,1.255167166738704,15.0
28,I,0.8148649419305273,1.5687165328376422
28,F,0.3428388282508777,2.3430684092192777
28,M,0.4392889495678874,2.4007136299635343
28,E,0.33808221532429766,6.137595258836029
28,D,0.12549669796458038,6.655776072784819
28,W,0.10341467895082335,3.6223883562558497
28,H,0.7948625773585707,2.705532300732764
28,V,1.140138950123633,2.0182661957571635
28,Y,0.5808732327936057,3.5791028894622308
28,N,0.5358206631371042,3.571686493657105
28,Q,0.6088470952961321,3.347291853208775
28,C,0.6966616400794476,2.367478916495008
28,A,0.5640067103889403,3.3027985732057568
28,G,0.9035414753855864,3.3007947400050885
28,T,1.0036980468608443,2.756391193782976
28,P,2.4216732199826203,2.9809718474745215
28,L,0.6646428654501828,1.9683868850540376
28,R,0.31932733194431157,1.1859553125708127
28,S,0.6871452068301382,3.5975368303987727
29,Q,0.6899935224058847,-0.2900945372418248
29,W,-0.2978856065440311,0.39897695444215747
29,K,0.5324523374352331,-1.1898964087574513
29,N,1.5054555680808812,-0.33524386704050485
29,F,-0.5378246587578304,0.05564510386260829
29,H,0.12238455039909943,-0.1301561549736045
29,I,-0.42950313451507044,-0.19573849556524234
29,C,1.3719456108136712,-0.2526530008084187
29,Y,-0.5736950083946859,0.017502277484755805
29,D,2.0709990404888625,1.6661320437783331
29,E,0.9028434890486561,1.541754880416036
29,M,0.5643086762948302,-0.12258682981286473
29,R,0.40966224402898554,-1.5709072686002927
29,P,4.929456309542041,2.5776703674929204
29,A,0.7748222533187592,-0.24732957876540249
29,T,0.6424681872355696,-0.1775901735287895
29,L,0.1732307531193475,-0.19751532855628628
29,S,1.4537995330801685,-0.21794658253999777
29,G,2.367785431157359,0.10131300816834289
3,C,7.835897403288561,-0.24628421136362696
3,W,1.2551146409307736,0.029231879183709533
3,E,8.320167743039336,4.329940120514981
3,M,5.566119349060827,0.6454944086957622
3,G,10.450527058972817,0.660459717060042
3,I,5.082973905409025,1.5046574141685896
3,D,5.218093845640756,5.3984824654643
3,K,9.903084320859737,0.878804533497715
3,F,-0.19136912040643156,0.10460400568821353
3,V,6.262695174422395,1.2286759759519106
3,Q,8.822381350436302,0.41191921945119003
3,N,9.575341537235028,0.25985521942714607
3,A,8.827531260620152,-0.8997001274149333
3,R,9.47677977770624,0.7168168008559697
3,H,4.562445885143537,-0.06159209409654647
3,S,9.383706775107477,-0.5191320064650077
3,L,5.003598651193367,0.37338663447194176
3,T,9.975601881218466,-0.4627333687003485
3,P,10.531053576971017,-0.08127624178754703
30,D,6.294346187907568,6.799586543819733
30,Q,9.014678436503537,1.1076468372206643
30,C,5.531265614252746,0.6720377755348678
30,H,5.332527373549548,0.23170057644537304
30,E,11.881016566472178,2.751025622318521
30,K,9.984706150199205,0.3178913376388664
30,N,8.69960274552549,0.5884996706460048
30,P,5.32716598975056,6.509880250217732
30,I,5.479617108255911,1.9122883064094875
30,W,5.165026661938378,0.9197918409497958
30,Y,4.696019343917243,0.942248121275883
30,A,5.21447091387129,1.7577024087290367
30,T,7.3486444170645235,2.1701288147484132
30,M,3.960025168649589,0.6923579343070158
30,R,4.726557533448821,6.983576010499033
30,V,4.807139002294098,1.1644639155470928
30,G,8.12989224766079,2.171540389908411
30,S,7.080542592145822,0.7414705884263375
30,L,2.7616100633514873,0.5108387041538496
31,N,-0.28978913634958575,7.950958384853432
31,C,-3.503524714292239,6.199682601315184
31,Q,0.6081066746128067,13.765355134450207
31,D,0.41927395088844716,15.0
31,F,0.30278693062558115,15.0
31,Y,0.3174045217660703,15.0
31,H,0.4068166456170672,15.0
31,M,1.3528264152105083,5.370319661435722
31,E,0.38298618588447586,15.0
31,I,1.0873441934034143,7.80498475347471
31,P,9.505694745529972,7.1228152783971685
31,W,0.8867092617225177,7.138962256780244
31,A,1.1558905187464779,14.09629744696557
31,S,0.6488873476846324,15.0
31,V,0.9550832997252477,15.0
31,L,0.4129535154509676,6.284329848982724
31,T,0.9897575947595822,15.0
31,G,0.5234780771590481,15.0
31,R,-0.8689856573365949,1.850852164194585
32,F,2.324499491376494,1.7197611311753216
32,W,2.2021075172638356,1.6558601585718205
32,E,1.0404916329471885,3.089734776742961
32,M,0.8397470907530973,0.3888897370161103
32,K,-0.10336147674804397,-0.22578584132373242
32,Y,2.7142924021023447,1.7907824049893513
32,I,0.8591885684698102,1.263648005430518
32,C,1.306160590827316,0.4499211222428333
32,D,1.3142329903538836,3.226759688570539
32,N,1.0209840338697873,-0.5839945096176624
32,H,1.4476594166833296,-0.0853985603380233
32,V,1.111023851633286,1.221988995197728
32,G,1.5057971568246487,-0.3494812756239619
32,A,0.38091350468944596,0.46649756121139296
32,L,0.9468591425631115,0.18988857581803925
32,T,0.8802417030926788,0.7000783279405671
32,R,0.5069860795642378,-0.318314945101913
32,S,0.8965232154419195,0.3085718384755594
32,P,4.110859102800453,4.622827437688997
33,I,1.2972343841731107,1.7942377796871027
33,M,1.9420474636208376,0.9393591106632392
33,N,4.974918465035938,1.731669296790408
33,D,6.163160906017396,3.399344594108749
33,C,2.073439726097125,1.347504589631549
33,F,0.43675705244529445,-0.4267425564835845
33,K,3.8061727859152663,1.246653786881781
33,W,-0.35321257583115423,0.644728989068483
33,H,2.014820553837235,1.1543266631130473
33,E,4.285700041520606,3.0708871934992983
33,Q,3.3054991295860163,1.522720981766035
33,V,2.018041569840451,2.094336199067463
33,G,6.398646644124666,0.9711876827676257
33,T,3.962166523842697,1.9664868399480615
33,A,3.783316133793318,1.7937310395134602
33,S,4.875978778796971,1.7636517088379624
33,L,2.073000602242663,0.5627065947800943
33,R,3.4565439687493957,1.2961305422921194
33,P,-1.5628083776116022,6.217699272510402
34,C,0.10082337372858412,0.06765744523648519
34,W,-0.28771903132513205,5.595982810843979
34,H,2.8240682063452764,7.160051491857076
34,Y,3.895522234697665,4.013828346625006
34,Q,0.8906854322625539,6.43288489923444
34,K,3.273474976031713,10.604483613694935
34,D,4.8355242324309,8.089219075833132
34,F,1.1431614056251016,4.939154698797477
34,N,1.8441584231227701,5.885534701730511
34,I,1.4067979823101702,3.4029871816707855
34,M,1.3645908053712372,0.567283825078596
34,E,-1.0563292309959595,9.087039548258643
34,R,1.451099339880387,5.297589965798583
34,V,1.1520203930895554,2.096764817669716
34,G,3.677089133136134,1.744328761583412
34,L,0.6849824306230595,3.444446930681086
34,T,1.147679150734043,2.0473612094908056
34,P,0.35638687155092486,8.08387465185385
34,S,2.4223161872541423,0.45275941715684576
35,H,0.43150819716340694,4.749759241393814
35,Y,1.183874805593098,4.742973684117109
35,W,-0.031135480200844008,3.9480905732983227
35,Q,1.213761455596704,5.532346034445275
35,I,-0.2049883681882638,3.9465686760800396
35,D,0.6774823261787718,6.060585451107206
35,C,0.029372935833966156,3.4159839078392413
35,K,1.6313701266576264,6.18359101027838
35,F,0.24265224150533465,4.4191518859459125
35,E,1.5626782584223164,5.919819417724846
35,M,1.2221670592549805,4.931179897406677
35,P,0.7423800978501595,14.83759811880513
35,T,0.2600473666790635,2.63434178664199
35,R,0.30579791272468937,5.076317815838664
35,G,1.0845589581951747,3.3844857327506777
35,V,0.971043637600195,5.437596559535174
35,L,1.1674858143386628,5.150426523961374
35,S,-0.3241534924499829,3.3932055378065393
35,A,0.04832002860136114,5.061065022440024
36,C,1.4331782354345428,-0.4503607327999974
36,F,1.4192209714380433,0.2351073197108145
36,N,1.0060657644020814,-0.7613858674089898
36,K,0.8132561727649374,-0.30937583310846917
36,Y,1.534639103673775,0.08796966198343568
36,I,0.911898573839384,-0.30828633995273164
36,W,1.6687649650196883,0.2814454466196508
36,H,1.4110230256842922,-0.04675724653236089
36,M,0.4925366276777701,-0.39409472601187073
36,Q,0.5522836413072503,-0.2904836068429436
36,E,0.1237610956701367,-0.06168485825325344
36,S,0.8689264624824071,-0.5578681227334175
36,V,0.9894414043769121,-0.5675690181395497
36,A,0.4512814035759853,-0.5371811528811595
36,G,2.3032498581187317,-0.6407557173229098
36,R,0.8079482244123294,-0.6621290589427459
36,T,1.325744175118374,-0.40125991682225703
36,L,0.5980372194510742,-0.4040873981345956
36,P,4.525621662404359,4.902479875242225
37,F,-0.35593687973030125,3.010249924114629
37,D,3.8756285315073944,3.025621482463037
37,C,-0.08946522601753826,0.8163166598415128
37,Y,-0.4351534053345732,2.5126313297092593
37,E,1.0763782644321873,2.0628755588554952
37,T,1.4646049038058886,1.0103141068146577
37,V,-0.5735330492709259,1.502756908769839
37,A,0.33886830201671925,1.771250510505483
37,Q,-0.22334692971417822,1.4782068379400781
37,G,2.1955546847421776,1.2333033873873167
37,I,-0.21934304550663122,1.082662515126938
37,H,-0.6770453933164028,1.2778702028277276
37,M,-0.5574877710592918,1.6912582542586534
37,W,-0.3947119888557632,1.984506755428325
37,P,3.151241646407486,6.463511536269609
37,K,-0.21676513024496377,1.6858431661734232
37,L,-0.8124449569922337,1.3323251072010778
37,S,0.9451656039432396,0.7185759684558498
37,R,-0.4628798352992337,1.8221874227032318
38,I,3.9158100226395502,1.7303334369658976
38,Y,2.189911901151504,0.6283296165290917
38,H,1.1432079595113485,0.9631239577793773
38,N,0.7946958722093945,0.9034243134478389
38,Q,1.3817378388873218,0.9672763043119399
38,F,1.8041076297524319,0.7694644957431714
38,K,1.2287709896703845,0.9991148153246702
38,M,1.5628470613803147,0.9802447383978906
38,C,1.3723811121887364,0.7917049167977253
38,E,1.6534994919124915,0.9646767753878664
38,D,1.4364440440548776,0.7873944685970283
38,P,9.966689426147358,2.6388077582559153
38,W,2.789444203391105,0.6036747308455004
38,T,3.2700937187822214,0.9229326511857493
38,A,1.6493955841560255,0.1349716472670129
38,V,3.628825028162384,1.0863965422725035
38,S,1.6653518752820586,0.7012130090715705
38,L,1.9420598747874023,0.6420002296449716
38,R,1.5195349778507814,1.0053118070173328
39,Q,3.666891921730706,2.7198420574131714
39,H,5.958047328692987,3.3385921547931754
39,K,9.345352647985262,1.3458348975458996
39,Y,1.769038140398182,2.845807805379396
39,W,-0.3039150913564824,4.840828212910713
39,N,5.300507815875376,4.874313570117278
39,M,0.8621432334652247,0.20889781014633652
39,E,5.800132104313526,3.310232491279925
39,P,4.66674212453664,5.815625128179294
39,D,6.890504927348103,5.895502665368964
39,C,1.496749621696466,1.8778385691277795
39,T,3.2423607164490678,1.7944123561399519
39,I,-0.41396066873085247,-0.1231020177630393
39,R,9.465869432669185,1.2978111475785659
39,F,0.19771702943161468,1.3754111630040184
39,A,0.962156190863378,3.300521805972968
39,G,1.5841398288801025,5.668433168879538
39,S,4.732663212287002,3.7278003026424567
39,L,0.6105304962071123,-0.28527259485078393
4,C,2.2508924537506196,0.46478634869627167
4,W,1.1138287349494223,0.24177880002643237
4,Q,2.7692124384967727,0.23114254849348878
4,E,5.219031118594482,0.49436218756561695
4,D,5.659246419735515,0.4706606232453004
4,H,1.326106419733358,0.4301713549358501
4,F,0.7342151343412939,0.4309271258112955
4,Y,0.7984444075074816,0.42592051176687673
4,G,3.7625072711785936,0.7230394536212803
4,M,2.099148510194322,0.16644690816886043
4,V,1.6490093648318862,0.1467355185179398
4,R,-0.28927471105963093,0.10625580720290981
4,A,2.995052871017187,0.4832759098759921
4,N,2.4714966730659484,0.5284065217351825
4,I,1.1876050611924278,0.16004364099900978
4,L,1.9865503588925724,-0.23617262750178114
4,S,2.380462110440997,0.4432676259354346
4,T,0.728286541870601,0.3227240347650084
4,P,9.817081375869105,1.0872927617385093
40,N,0.16118933502355046,-0.4960267828455755
40,C,-0.33965251658332724,-0.7799129860894644
40,Y,-0.953686607050973,-2.124912408188108
40,K,-0.13806093042778048,0.08306436709035933
40,H,-0.5436883922320823,-1.524495789851269
40,I,-0.11890780349197165,-0.5438027167461557
40,Q,-0.13756293369795788,0.11358732539553956
40,F,-0.9009700619014862,-1.583993325909754
40,M,0.18285503507382075,0.12972919605658184
40,E,0.006325431109482822,0.48864796759343526
40,W,-0.38971325030758225,-2.2288905487931037
40,G,0.9352454013943465,0.4653037992660859
40,P,2.934800834134236,1.3299285105040743
40,T,0.1359612316647374,0.07156653185210372
40,L,0.43924803455590267,0.4089101274494293
40,A,0.25716369544575113,-1.0333189200364636
40,V,-0.35322490246776334,-0.7168896646152567
40,S,-0.07924871581779988,-0.8442016481121504
40,R,-0.11894806546452996,-0.4699076048480728
41,I,0.22886186361703056,14.907006274666099
41,N,-4.6288223630031835,6.921118824702383
41,K,7.7964661854355235,8.772610539151943
41,H,-4.328325362190082,8.077881501856908
41,Q,3.751355043278709,8.372727851881228
41,E,3.9307249715392945,6.177069935764712
41,C,-5.170131146352298,3.429333065417053
41,Y,-5.940370994685347,4.904050117925005
41,D,5.918695374978625,5.987014385527372
41,F,-5.092195920375745,3.1481940966633983
41,M,-6.894346388853947,5.185104513814446
41,W,-0.20745535375513288,6.033722166275422
41,A,3.9270487663930718,2.7037144613138495
41,P,6.439312243759564,7.548162163897051
41,T,1.535633902389063,8.994760376457037
41,S,-2.505630229467166,5.334598734163168
41,V,4.909947045915473,5.0804630916394755
41,L,-15.0,5.347973218764588
41,R,5.0473549213554625,9.157868298837393
42,F,0.1277330458815043,-0.40526924027749456
42,W,0.23985158563916603,-0.808277190650347
42,Q,0.43455273104106257,-0.8910029442982182
42,D,0.2994600737012946,-0.03625384917622126
42,K,0.33606442366008804,-0.49102310547554207
42,C,0.47031675480117985,-0.4138302740352606
42,Y,0.1276350064578903,-0.38656765716581165
42,A,0.5936429425105915,-0.36002692946987574
42,N,0.6522267159507864,-0.42584832072367396
42,G,2.138415104886176,-0.40052909670232734
42,V,-0.4538169801436798,-0.6381018627748409
42,T,-0.0475200412549145,-0.6467988008395161
42,P,2.362956164099269,0.6422355501657553
42,H,0.1826236389298652,-0.13078149692493965
42,R,0.633345533556178,-0.6920032551632673
42,L,0.09857642824009766,-0.9123580432642844
42,M,0.29706941011759247,-0.573632274834836
42,S,0.6647740021927222,-0.5155771378517555
42,I,-0.46767434308752276,-0.7267267340517506
43,I,1.8410083890717208,13.262482121360822
43,D,0.3274029994723234,15.0
43,M,0.38908754348423136,15.0
43,E,0.35130822386946636,15.0
43,N,0.47229461305393283,15.0
43,K,0.3575688109884162,15.0
43,Q,0.438264891508985,15.0
43,V,4.272988970545601,10.505725375502145
43,G,3.957484948702481,7.5365200252327105
43,C,-3.2365298741175232,6.798036097510908
43,F,2.273415978471505,5.031337433119813
43,H,5.929431895585362,7.0732882729781394
43,A,3.259727935840952,9.695644229768837
43,Y,3.407526395667086,5.83272404285806
43,T,5.508667921943542,8.570155590424294
43,R,1.4300574708008402,7.183257022540203
43,S,6.553554937510275,8.842548494613
43,L,8.450390823738328,7.31501850701258
43,P,2.0303786179813246,15.0
44,W,1.1197711047781154,-0.10480059322589567
44,Q,0.8498835100661282,-0.32356492896378547
44,Y,0.7474421668670469,0.3415649350334382
44,C,0.9528328116256549,0.24230151435943031
44,H,0.49999926204645956,-0.002279454227879652
44,K,0.8760541733855906,-0.08747548219535252
44,E,0.5391825181221257,0.21120290601583913
44,D,0.9501080238996898,0.6598211198880363
44,P,1.9513368593969636,6.643150811205508
44,F,0.6365260582422235,0.15737988178476747
44,M,0.8649591485756718,-0.029255130186673303
44,R,1.0650915629724287,-0.0637737231911361
44,A,0.8331827111964769,-0.35269674478090485
44,G,1.629063252474828,-0.2986241505240812
44,N,1.062595118933751,0.4213622674728783
44,L,1.2008537712521512,0.14115245713212285
44,V,0.636127788307118,1.0479558108291662
44,I,0.9605692734603913,0.8648847865143138
44,S,0.26570390783453735,-0.03246164984528695
45,Q,4.6612973748064865,4.222534580909123
45,N,5.573218333814568,3.642214134741321
45,H,4.6960291336547355,1.7608848093129679
45,I,4.422319634650617,1.7240680830717328
45,K,5.026284789221522,3.6128116193961852
45,D,6.079427017521731,5.845557436024081
45,E,5.491917244937349,5.552412130579251
45,F,1.3285962270157194,0.27151666123776413
45,C,2.924524031851031,1.9841999987374843
45,M,4.513044383247025,1.5515855382676857
45,T,4.942584831311611,3.7348044154605544
45,W,3.0095781493215195,-0.7099954518725178
45,P,3.7796827467819805,6.641904800909371
45,A,5.218542131031762,3.381872808092506
45,G,5.304747949073725,3.8675286145198
45,S,5.033807267398725,3.6461701361455003
45,R,3.5283487828785858,3.455663264537027
45,V,4.589373493659358,2.3207026539751325
45,L,4.220384689637177,1.0014049235500762
46,F,2.833255103653298,0.08063210033106387
46,N,0.6773658556845213,-0.24596253571397925
46,C,0.7175737511418996,-0.1844441221105298
46,Y,2.7712721219873244,0.1750069667865287
46,I,2.469730883706847,-0.06844231771335307
46,G,4.730062537631645,-0.09786486987113409
46,M,2.798119846734869,-0.05916419182687664
46,H,1.696393038918305,-0.1176507508744067
46,K,3.1661173785655,-0.21193495555004263
46,Q,2.4240223326377266,-0.11567877213090452
46,E,1.4010671677358315,0.17053516256604173
46,P,5.794566771847665,3.691462249632563
46,W,3.005172110906403,0.008212886524718863
46,A,2.7606215565124517,-0.10881735575145934
46,V,2.110056575621109,-0.15425675371221131
46,S,1.7369983819823922,-0.25002345512437335
46,T,2.3125636023227325,-0.4080471951594512
46,L,2.8224875575561006,-0.10551269689203906
46,R,3.316431713526434,-0.24512102179871056
47,F,1.068178786774834,-0.6750381071013729
47,A,0.10846381360074772,-0.5780147973077685
47,T,1.0391029113748584,-0.4067359581461119
47,Y,1.1638591433146885,-0.6011746299108537
47,E,-0.18323331239170634,0.03181133589294204
47,C,0.7007857280640919,-0.35206890101237487
47,Q,0.7140416422707638,-0.6047569814600472
47,P,0.07019340092677566,-0.6937569056383818
47,H,0.5473065926167904,-0.9774322323275358
47,W,0.9371199157325193,-0.9649623292764453
47,N,1.0808942657815945,-0.5368401048187346
47,K,1.1938384638679875,-0.9577309620496645
47,M,1.062084006617338,-0.31543098909008715
47,V,0.8381815943195107,-0.4302743009195393
47,G,1.1708862401511406,-0.4611971774661579
47,L,1.4255672948399274,-0.42758440363577355
47,I,1.0108683496527493,-0.32672736217742676
47,S,0.507865874930174,-0.6473701648077255
47,R,1.5297912619347713,-1.488485966121653
48,H,0.6580288936512223,-0.19071186655586528
48,D,0.4728490664029094,0.04957795579517011
48,Q,0.45445835019068487,-0.1764958191941803
48,F,0.6314667364719737,-0.24549277821113333
48,P,1.3334943073826728,-0.1395459120292776
48,E,0.22029565987867317,-0.017619624844237833
48,N,0.500915278016086,-0.11680910353307877
48,I,0.41850153257754963,-0.22923370413252897
48,Y,0.6870910464103664,-0.19062256592136428
48,C,0.6401768716398093,-0.09144754392620558
48,T,0.35652475811962814,-0.15672844146436965
48,K,0.40887687233410835,-0.21480800491672195
48,V,0.38713055766252785,-0.20870150563223408
48,W,1.1423285647102095,-0.19434653132241733
48,M,0.5381425046277564,-0.16426312412365185
48,G,0.9135238687673974,-0.10285875095652353
48,S,0.3822227553565211,-0.1302896015058125
48,R,0.520430597144816,-0.21325078432114444
48,L,0.33490048866033795,-0.19687049550548835
49,Q,1.3971468121261268,-0.1205076855410658
49,H,1.6245765935936123,-0.1110950669569418
49,K,1.3380945428714057,-0.19651350565291437
49,W,2.4246322875874395,-0.19182590648859082
49,E,1.68261100346591,-0.023424133636709147
49,P,4.559704712318482,0.12251283361214622
49,D,2.3034091390837186,0.07825548884339042
49,Y,2.1483070519864804,-0.14323088817212212
49,N,1.1335959868564927,-0.02214410003939134
49,M,1.5077354098169948,-0.07110208460410045
49,C,1.714050176271363,-0.137928256390181
49,A,1.3789179267758755,-0.05537145371953286
49,R,1.4408038309844382,-0.19520350870994743
49,S,0.6862200933751741,-0.18630803576240562
49,I,1.5847681126353463,-0.3106446110949817
49,G,2.079686393571217,-0.03685525086169126
49,L,1.191077624955055,-0.1468710457120349
49,F,2.0229703948346587,-0.07593484071278017
49,V,1.7661124938773505,-0.02632697912026341
5,W,0.2520903696554253,3.215931219106097
5,I,3.76319473783177,1.841605371782468
5,F,1.8367399225601473,0.9351213304613787
5,K,10.086478598223326,1.940213985332366
5,E,10.22413191355718,3.0276093644293445
5,C,1.8285433747333137,0.392366801452029
5,N,9.501969112634644,-1.1320586787007572
5,D,8.675553494428748,6.158222402756611
5,M,2.1537794717034795,1.230026708777533
5,V,3.4308527584394484,0.4790907873476849
5,G,6.687865312500282,1.2850856782779216
5,Y,5.307544202190407,2.530907774441887
5,Q,8.079734657438987,0.8212223937245257
5,H,7.896457025950908,0.9456652968963976
5,T,7.868698903837762,-0.2743481060276088
5,S,8.001597597955254,-0.03579158165416368
5,R,9.553914521988958,2.5986382146999514
5,A,4.357989220974394,0.6840617198634367
5,P,1.7430772189106467,6.198372769253587
50,P,5.575560216974428,1.173943451138725
50,Q,0.7859798729972076,0.09081647415521993
50,H,0.526135788603706,-0.04095051330079198
50,D,3.4630904514294687,0.18437151089942377
50,E,3.374106251390258,0.09354814206940287
50,N,0.7200940109275379,0.18548287526799281
50,T,2.686393801946443,0.1186629045291876
50,Y,0.6855957978272418,0.37375746483711547
50,I,3.407021937663881,0.3031248251129982
50,C,0.7082225826584124,0.20661928519943273
50,M,0.4829872477174506,0.42280648891174805
50,A,1.382913602850972,-0.045869177264498705
50,F,0.35939465509720236,0.5060949585062016
50,W,1.1235988279124656,0.20648241114686264
50,S,1.6330405793477303,0.021397696254721252
50,V,3.0073389688649756,0.05574761600547131
50,R,-0.13170193000958255,-0.1987502348570643
50,G,1.6118840629103424,-0.43540085815161517
50,L,0.43596854335041524,0.298289034483858
51,N,4.465656275105922,-0.34880122455673923
51,K,3.6713341785217652,-0.601652291815873
51,H,4.054094848625427,-0.5604371899682564
51,D,5.8652637318086835,-0.2902204858652712
51,P,3.2832500492555985,5.119143957897571
51,Q,2.7951147023808285,-0.5231136566150184
51,F,4.119075832047301,-0.4995372742934117
51,I,1.6120868768704328,-0.5701556719225135
51,Y,4.012254802215786,-0.5521719360528318
51,M,2.910767816967438,-0.6604630132918264
51,E,2.8951310475932432,-0.40446917372674557
51,C,1.7964680761238438,-0.049002854342501574
51,W,4.264653822770168,-0.6142538687591907
51,A,2.791428440229038,0.36492274634825705
51,S,2.358295754536421,0.3203482889557746
51,V,1.5330256949460788,-0.6074410824634342
51,L,2.5677000116486473,-0.8736462269338542
51,G,4.985290689989863,0.00266085939816761
51,R,3.5827476704423327,-0.5729199765695219
52,A,6.409075602246255,4.459685928474461
52,V,5.898747273565894,3.7636057098285236
52,I,5.356609838057407,3.1116713723721805
52,C,5.540639919739829,4.32379933419009
52,H,4.4218399926236005,4.41632012728921
52,D,5.237111084035735,8.4317780274042
52,M,4.694508586573308,2.0137411760285278
52,P,6.630703989188198,7.4217646846563206
52,N,7.84275639586008,6.669700539490176
52,Y,1.2756613102654484,2.7330965552781445
52,T,6.580526615422717,5.6001929720146935
52,Q,7.654323725036472,6.535376050343413
52,W,-1.8777567213546216,6.018697299282973
52,E,10.633253238928793,6.031319665846631
52,K,7.692998472164825,7.340525437988381
52,S,6.51710467060854,6.23814611628339
52,L,5.50061155557786,1.810063852740453
52,G,-0.000931016533159714,7.184957746080982
52,R,-0.22903401023988781,7.942076988415147
53,F,0.6962199405099605,0.8679495551352356
53,I,0.8370884021392209,0.46113305724615367
53,M,0.7234472319310516,0.4097688580833724
53,C,1.2251734307652375,0.20994107298181736
53,Y,0.35081339521968996,0.7797187160205082
53,W,1.1452937128023923,0.15048772932835347
53,Q,1.8627521505849152,0.11803117551714214
53,H,1.739594207347114,0.6445790678327574
53,N,2.506231979212047,0.45562391082413306
53,D,4.079713960902555,0.6364697308566076
53,K,1.7544281232799213,0.2226298575578868
53,E,2.120323122016805,0.17824520479456415
53,V,0.8387335048107625,0.08808059259231257
53,P,4.733540451526951,6.215225445546206
53,A,2.2752983212012885,0.11140090476980226
53,G,3.6234956986958804,-0.7505164260601325
53,S,1.5984136824171848,-0.030830118154203487
53,L,1.741955795845705,0.8304014682021026
53,R,1.4240173197429802,0.2593474509968036
54,H,4.86543246687949,2.299767686114768
54,K,5.428889901797057,6.073579251470459
54,Q,5.378922481535954,2.492650478650793
54,N,5.059965471451836,1.7395867674078989
54,M,2.0798205825841354,0.7883468075926643
54,Y,3.118134593596369,3.9706832225589936
54,W,3.451575814983091,0.8132265561490145
54,I,0.7730007234905011,1.4959761709722457
54,C,0.8546368156310956,-0.2956305671887499
54,E,6.163584463852911,3.671704248604554
54,D,7.347383258474101,3.1736072418942776
54,P,4.090785828787799,6.088176800837399
54,T,3.74304214357871,0.802360082245812
54,F,2.513845583155063,0.4845191447494129
54,S,4.727095047452483,0.9428912223519117
54,R,0.7162413331430975,6.6284019303038075
54,G,15.0,-6.245109957254708
54,A,3.8588798212345887,-0.2635610495720967
54,L,0.7690561307476882,1.3554999165901078
55,P,5.026498560070839,3.7678329721822252
55,H,1.1997552041775164,0.8050147247268215
55,Q,1.3569573420494117,0.6290133526338572
55,F,1.0510420077538678,0.7590612143293561
55,K,1.4429884816899772,0.368261594173328
55,Y,0.9100363617702928,0.6424446514557566
55,N,0.7572687339467588,0.7283418639248079
55,D,1.3297755552254933,0.9756043374869743
55,I,0.9056067038557627,0.8878027683207182
55,E,1.44280309562746,0.7578352366132688
55,M,1.3710582295069045,0.7364797330065254
55,W,0.6806756335111658,0.4557779782629165
55,C,1.1049091845546803,0.5893492684785463
55,A,1.9464310589452078,0.6171094727971946
55,V,0.9291874817957616,0.6511596820050987
55,S,0.9539488573001561,0.4005037335955439
55,L,1.5779169239320507,0.8073546219099191
55,G,2.4135877928906018,1.0630494609822079
55,R,1.35709481062371,0.2643903735965857
56,I,1.9292832149954393,2.0822752703102827
56,F,1.6278503563396434,1.7529263339114847
56,C,1.3682029967150549,1.7903369605785153
56,M,2.083934117818472,1.917088677425704
56,N,2.555088317910396,1.810300165410514
56,Y,1.0275592646313252,1.847636745570412
56,D,1.285942567983679,1.949310774463479
56,W,0.3300774690521812,1.364736762893352
56,H,1.7005087291769676,1.6427981518818755
56,K,3.234754421622616,1.590339019284917
56,Q,0.8128765679557013,1.1365639992359373
56,G,2.0485297010995236,1.6540691498576976
56,P,2.6363407418030347,2.0711262347189683
56,V,1.3798701053895401,1.5722969942593723
56,T,1.531283318952786,1.1447087467294546
56,A,1.49500184434618,1.3861989873976173
56,L,2.436075450269167,2.0803644514648356
56,S,1.2969614866437473,1.289416733939485
56,R,3.159198317458663,1.4983269289062149
6,V,0.5625211610519287,0.1888981260889285
6,A,3.161258105023713,0.5557382213318015
6,K,1.285054022238042,0.10494653329785349
6,E,3.6570659010167548,0.027085248069550292
6,D,4.918597659029978,0.547985266769681
6,N,2.9454321298781525,0.37068953781097586
6,F,1.2516162216458844,-0.1194777434986781
6,G,5.313925208253827,-0.12068583310188125
6,C,1.993502829631234,0.3819210138236077
6,M,1.9848093503727333,0.40002467514264106
6,Y,1.4589603492525693,-0.2641883012023823
6,W,2.136646860604595,-0.07217765774318059
6,H,2.186334808645016,0.06441774135789297
6,S,2.8577066349136837,0.4759927866049404
6,T,2.6302903281561063,0.07162245678937472
6,Q,2.175712753323386,0.0623425874720907
6,P,10.693848194958926,2.9797008477822717
6,L,1.3025180268428684,-0.22436359153024638
6,R,1.1390144905335025,0.08929105600764727
7,F,-1.146413016780538,1.2851399999173025
7,Y,-1.6127326870319185,2.109368904495996
7,D,6.599806961794131,3.245870398327107
7,C,2.1576888676306867,0.008621921449100319
7,I,-1.0710318488511532,-0.553267826532599
7,N,4.820333973456683,1.57646224715367
7,W,-4.732930914113017,2.4874967595064326
7,K,5.120361237090939,1.210788478261071
7,H,2.7045451729858123,2.827407954230991
7,M,0.36926448110377713,1.0236619338632016
7,E,6.255186303325551,1.7199891608813023
7,Q,4.32286713013196,1.730163091767429
7,V,0.38321879289470573,-0.2018155652156876
7,A,2.9660474792728335,0.1561530094857575
7,G,4.7776907091634335,1.3514944209823834
7,S,3.5019452262533317,0.5421868760980705
7,T,2.4555013336104574,0.2807302532680399
7,R,4.581332150401167,1.9854287478412662
7,P,5.936910251478113,0.5064863446585005
8,F,0.08795091271715426,-0.43583306698079743
8,I,-0.5174595805626834,0.2897521954305013
8,Y,0.014139624385896003,-0.4816521665018791
8,C,0.14302383445679698,0.05317024733909406
8,D,1.3470183506677642,0.2392113200019785
8,H,0.5000387360665658,-0.15854050592000013
8,M,0.3759251884470336,0.4854974244636641
8,W,-0.12903755645187528,-0.11118762564545544
8,K,-0.19717085546981455,-0.14893296615627954
8,Q,0.5004002697882954,0.03400186994333514
8,E,1.5725680786981473,0.2530956652733245
8,V,-0.016860185419916594,0.3105320709116835
8,G,2.762668625396127,0.31554688801811137
8,S,1.0760921419131717,0.24531469974956274
8,T,1.2934966092807236,0.5968388857489214
8,P,4.477088099837804,3.710003483623269
8,L,-0.22717335169335823,0.2040631695669386
8,A,1.0060708377765255,0.15403837543802001
8,R,-0.4444606694087904,-0.27219792776015966
9,W,0.6553361343101193,1.3561815815126121
9,Q,3.4455465021807776,2.0203024987622444
9,F,-0.29540816563607764,1.4676166495764478
9,H,1.9290922885503428,1.6669369074744826
9,C,0.5802153789925677,0.49801552147837064
9,Y,2.1775176838882477,1.4076035756305145
9,E,4.905016772403056,2.173885033175684
9,K,3.259991158053874,2.018530749782955
9,D,4.4360684109361435,2.070433633632
9,M,0.9929842146441789,2.032673312367666
9,I,1.2626837983803474,1.971189201892688
9,N,3.024394626892732,2.2123827922093398
9,L,-0.03206715566761764,1.646666963302002
9,R,2.595285630489042,1.370779000555716
9,V,0.6727848081678717,1.875732937109815
9,P,4.453239455790059,1.405906302333392
9,S,0.714279634866329,0.9805273571155304
9,A,1.132529911451456,0.27727326213181563
9,T,-0.48105471660579413,1.2994996084289625
