1,-13.584,2.121,3.806
1,-13.229,0.697,3.551
1,-11.837,0.402,4.126
1,-10.841,0.905,3.647
1,-13.229,0.431,2.037
1,-14.664,0.236,1.538
1,-16.772,-1.403,1.053
2,-11.765,-0.406,5.150
2,-10.441,-0.735,5.762
2,-9.483,-1.268,4.691
2,-9.833,-2.128,3.906
2,-10.637,-1.809,6.837
2,-11.575,-1.348,7.796
2,-9.308,-2.100,7.535
3,-8.279,-0.767,4.659
3,-7.293,-1.247,3.645
3,-5.911,-1.384,4.303
3,-5.536,-0.601,5.158
3,-7.231,-0.246,2.484
3,-8.284,-0.594,1.458
3,-9.342,0.287,1.218
3,-8.201,-1.798,0.748
3,-10.321,-0.036,0.273
3,-9.181,-2.119,-0.199
3,-10.240,-1.235,-0.436
3,-11.211,-1.549,-1.365
4,-5.158,-2.378,3.919
4,-3.806,-2.577,4.526
4,-2.752,-2.748,3.425
4,-2.969,-3.441,2.445
4,-3.835,-3.828,5.412
4,-2.485,-3.994,6.118
4,-2.378,-5.411,6.693
4,-1.991,-6.391,5.586
4,-0.534,-6.269,5.317
5,-1.611,-2.130,3.588
5,-0.532,-2.256,2.563
5,0.802,-2.596,3.241
5,1.171,-2.016,4.249
5,-0.395,-0.937,1.798
5,0.488,-1.155,0.567
5,0.082,-0.181,-0.536
5,1.951,-0.909,0.933
6,1.527,-3.532,2.684
6,2.847,-3.929,3.269
6,3.963,-3.083,2.640
6,4.302,-3.247,1.481
6,3.111,-5.417,2.979
6,1.783,-6.179,2.903
6,3.969,-6.012,4.096
6,2.062,-7.680,2.817
7,4.542,-2.185,3.389
7,5.640,-1.340,2.830
7,6.949,-2.144,2.822
7,7.832,-1.938,3.635
7,5.802,-0.072,3.683
7,5.381,1.157,2.869
7,3.857,1.264,2.851
7,5.960,2.416,3.508
8,7.075,-3.066,1.907
8,8.320,-3.891,1.831
8,9.327,-3.215,0.887
8,9.621,-3.708,-0.183
8,7.966,-5.292,1.308
8,9.242,-6.066,0.970
8,10.141,-6.174,1.779
8,9.363,-6.612,-0.201
9,9.861,-2.094,1.278
9,10.854,-1.398,0.402
9,12.100,-2.275,0.269
9,12.199,-3.321,0.886
10,13.059,-1.870,-0.513
10,14.295,-2.694,-0.660
10,14.919,-2.902,0.726
10,15.070,-4.021,1.193
10,15.279,-1.970,-1.593
10,15.939,-2.981,-2.540
10,14.863,-3.709,-3.362
10,15.081,-3.459,-4.856
10,14.525,-2.123,-5.210
11,15.256,-1.834,1.394
11,15.848,-1.946,2.765
11,14.770,-1.627,3.802
11,14.587,-2.346,4.764
11,17.002,-0.950,2.911
11,16.517,0.365,2.698
11,18.086,-1.250,1.877
12,14.053,-0.555,3.608
12,12.976,-0.176,4.572
12,11.836,-1.210,4.515
12,11.260,-1.464,3.474
12,12.445,1.215,4.202
12,11.573,1.766,5.338
12,11.779,3.277,5.450
12,10.097,1.482,5.043
13,11.511,-1.804,5.633
13,10.411,-2.820,5.667
13,9.383,-2.421,6.734
13,9.701,-2.321,7.903
13,11.001,-4.193,6.023
13,11.066,-5.073,4.773
13,12.107,-4.508,3.800
13,12.854,-5.655,3.118
13,13.097,-5.297,1.695
14,8.154,-2.188,6.354
14,7.130,-1.793,7.374
14,5.722,-2.139,6.888
14,5.435,-2.134,5.709
15,4.840,-2.424,7.801
15,3.429,-2.755,7.427
15,2.547,-1.536,7.727
15,2.826,-0.775,8.635
15,2.954,-3.958,8.247
15,2.994,-5.221,7.374
15,1.615,-5.490,6.778
15,1.113,-6.586,6.969
15,1.078,-4.603,6.131
16,1.498,-1.322,6.977
16,0.638,-0.121,7.247
16,-0.834,-0.401,6.937
16,-1.173,-1.071,5.977
16,1.118,1.055,6.386
16,1.338,0.612,5.057
16,2.422,1.614,6.952
17,-1.712,0.135,7.743
17,-3.181,-0.051,7.521
17,-3.842,1.328,7.469
17,-3.272,2.308,7.908
17,-3.799,-0.863,8.673
17,-4.285,0.020,9.668
17,-2.753,-1.786,9.299
18,-5.029,1.421,6.938
18,-5.705,2.756,6.868
18,-7.153,2.602,6.406
18,-7.637,1.506,6.170
18,-4.969,3.659,5.871
18,-5.452,4.988,6.003
18,-5.226,3.180,4.441
19,-7.836,3.704,6.253
19,-9.253,3.670,5.785
19,-9.361,4.418,4.449
19,-8.500,5.200,4.086
19,-10.158,4.347,6.823
19,-11.231,3.352,7.311
19,-12.205,3.007,6.178
19,-12.370,3.809,5.279
19,-12.781,1.939,6.220
20,-10.414,4.185,3.726
20,-10.610,4.867,2.416
20,-11.978,4.469,1.859
20,-12.468,3.384,2.110
20,-9.506,4.433,1.445
21,-12.606,5.329,1.111
21,-13.942,4.983,0.543
21,-13.815,3.733,-0.341
21,-14.366,2.689,-0.038
21,-14.476,6.163,-0.283
21,-15.025,7.237,0.657
21,-13.352,6.775,-1.128
22,-13.097,3.833,-1.424
22,-12.925,2.665,-2.338
22,-11.479,2.138,-2.254
22,-10.761,2.396,-1.305
22,-13.213,3.142,-3.763
22,-12.256,4.281,-4.105
22,-11.103,4.000,-4.351
22,-12.682,5.415,-4.090
23,-11.043,1.414,-3.253
23,-9.645,0.883,-3.256
23,-8.740,1.852,-4.034
23,-7.594,2.071,-3.682
23,-9.630,-0.497,-3.926
24,-9.259,2.452,-5.073
24,-8.457,3.426,-5.868
24,-7.979,4.546,-4.938
24,-6.823,4.936,-4.960
24,-9.336,4.010,-6.983
25,-8.853,5.054,-4.114
25,-8.454,6.137,-3.166
25,-7.439,5.570,-2.170
25,-6.386,6.138,-1.947
25,-9.686,6.653,-2.414
25,-10.639,7.130,-3.351
25,-9.282,7.804,-1.491
26,-7.736,4.437,-1.587
26,-6.782,3.812,-0.623
26,-5.420,3.644,-1.305
26,-4.402,4.091,-0.807
26,-7.322,2.440,-0.199
27,-5.397,3.016,-2.450
27,-4.109,2.831,-3.177
27,-3.441,4.200,-3.374
27,-2.250,4.358,-3.173
27,-4.398,2.184,-4.535
27,-3.083,1.969,-5.305
27,-2.949,3.011,-6.409
27,-3.835,3.083,-7.237
27,-1.960,3.720,-6.410
28,-4.213,5.195,-3.732
28,-3.645,6.567,-3.912
28,-3.061,7.029,-2.575
28,-1.901,7.391,-2.478
28,-4.762,7.531,-4.344
28,-4.490,8.051,-5.761
28,-5.279,7.221,-6.782
28,-4.536,5.913,-7.072
28,-5.470,4.765,-6.901
29,-3.857,7.003,-1.540
29,-3.357,7.421,-0.198
29,-2.130,6.577,0.158
29,-1.126,7.081,0.626
29,-4.456,7.209,0.848
29,-3.943,7.612,2.234
29,-5.671,8.071,0.498
30,-2.201,5.293,-0.079
30,-1.037,4.411,0.225
30,0.125,4.776,-0.708
30,1.255,4.930,-0.282
30,-1.434,2.943,0.007
30,-1.806,2.306,1.323
30,-0.896,2.310,2.382
30,-3.060,1.704,1.480
30,-1.236,1.717,3.601
30,-3.402,1.110,2.701
30,-2.490,1.116,3.760
31,-0.148,4.923,-1.980
31,0.932,5.285,-2.945
31,1.576,6.605,-2.524
31,2.784,6.721,-2.468
31,0.347,5.421,-4.356
31,1.491,5.449,-5.382
31,0.946,5.095,-6.771
31,1.172,3.608,-7.057
31,0.252,2.809,-6.196
32,0.781,7.592,-2.214
32,1.347,8.904,-1.783
32,2.295,8.684,-0.597
32,3.494,8.852,-0.712
32,0.197,9.832,-1.380
32,0.738,11.241,-1.098
32,1.403,11.804,-2.353
32,0.751,12.038,-3.348
32,2.679,12.027,-2.354
33,1.769,8.291,0.535
33,2.645,8.052,1.721
33,3.817,7.147,1.321
33,4.963,7.425,1.625
33,1.837,7.382,2.838
33,2.774,6.997,3.956
33,3.382,7.993,4.725
33,3.045,5.648,4.214
33,4.265,7.642,5.752
33,3.928,5.299,5.245
33,4.536,6.297,6.012
33,5.412,5.956,7.017
34,3.543,6.073,0.625
34,4.650,5.173,0.196
34,5.697,6.019,-0.540
34,6.879,5.966,-0.247
34,4.097,4.091,-0.737
35,5.261,6.826,-1.470
35,6.209,7.706,-2.208
35,6.799,8.724,-1.223
35,8.001,8.907,-1.157
35,5.455,8.429,-3.329
35,5.422,7.550,-4.578
35,5.444,8.049,-5.681
35,5.363,6.258,-4.454
36,5.967,9.369,-0.443
36,6.482,10.356,0.554
36,7.572,9.685,1.398
36,8.601,10.264,1.690
36,5.337,10.809,1.471
36,4.177,11.372,0.651
36,4.382,11.691,-0.506
36,3.099,11.479,1.204
37,7.353,8.456,1.783
37,8.375,7.729,2.598
37,9.492,7.206,1.681
37,10.401,6.532,2.121
37,7.703,6.557,3.328
37,7.390,6.958,4.767
37,7.419,6.139,5.659
37,7.082,8.188,5.038
38,9.434,7.522,0.414
38,10.497,7.055,-0.534
38,10.353,5.552,-0.793
38,11.319,4.874,-1.067
39,9.156,5.035,-0.712
39,8.945,3.572,-0.953
39,8.007,3.364,-2.152
39,6.899,3.867,-2.183
39,8.326,2.940,0.301
39,7.989,1.475,0.025
39,9.329,3.008,1.454
40,8.443,2.616,-3.132
40,7.589,2.355,-4.333
40,8.244,1.251,-5.186
40,8.826,0.321,-4.666
40,7.448,3.648,-5.152
40,6.259,3.524,-6.099
40,6.467,3.096,-7.215
40,5.158,3.842,-5.686
41,8.152,1.343,-6.486
41,8.771,0.299,-7.367
41,7.704,-0.694,-7.829
41,7.041,-0.484,-8.825
42,7.535,-1.773,-7.117
42,6.508,-2.785,-7.511
42,5.178,-2.460,-6.818
42,5.149,-1.965,-5.704
42,6.984,-4.181,-7.093
42,6.717,-5.176,-8.232
42,5.216,-5.270,-8.493
42,4.584,-6.112,-7.883
42,4.722,-4.492,-9.290
43,4.077,-2.733,-7.465
43,2.748,-2.432,-6.849
43,1.775,-3.596,-7.076
43,1.090,-3.666,-8.078
43,2.188,-1.155,-7.485
43,2.607,0.022,-6.664
43,3.697,0.791,-6.901
43,1.972,0.569,-5.474
43,3.761,1.780,-5.936
43,2.726,1.683,-5.035
43,0.822,0.217,-4.743
43,2.361,2.410,-3.909
43,0.451,0.949,-3.604
43,1.216,2.047,-3.191
44,1.700,-4.502,-6.139
44,0.769,-5.667,-6.282
44,-0.409,-5.529,-5.304
44,-0.287,-4.957,-4.231
44,1.533,-6.972,-5.999
44,0.722,-7.842,-5.226
44,2.819,-6.674,-5.229
45,-1.552,-6.050,-5.668
45,-2.753,-5.961,-4.778
45,-3.757,-7.054,-5.170
45,-3.842,-7.441,-6.320
45,-3.394,-4.574,-4.944
45,-4.853,-4.615,-4.536
45,-5.202,-4.634,-3.183
45,-5.853,-4.626,-5.516
45,-6.550,-4.662,-2.806
45,-7.201,-4.658,-5.138
45,-7.549,-4.674,-3.782
45,-8.879,-4.691,-3.411
46,-4.516,-7.547,-4.230
46,-5.513,-8.611,-4.547
46,-6.871,-8.260,-3.914
46,-6.949,-7.658,-2.859
46,-4.985,-9.950,-4.010
46,-6.143,-10.865,-3.629
46,-7.005,-11.089,-4.461
46,-6.149,-11.326,-2.506
47,-7.940,-8.634,-4.560
47,-9.299,-8.330,-4.023
47,-9.751,-9.438,-3.056
47,-10.594,-9.220,-2.208
47,-10.284,-8.227,-5.191
48,-9.198,-10.619,-3.170
48,-9.599,-11.728,-2.249
48,-9.068,-11.425,-0.841
48,-9.804,-11.415,0.126
48,-9.013,-13.048,-2.758
49,-7.797,-11.165,-0.730
49,-7.201,-10.842,0.603
49,-7.478,-9.375,0.927
49,-7.301,-8.930,2.046
49,-5.690,-11.071,0.563
49,-5.120,-10.244,-0.438
49,-5.393,-12.534,0.236
50,-7.915,-8.621,-0.050
50,-8.226,-7.175,0.176
50,-7.003,-6.445,0.753
50,-7.121,-5.378,1.328
50,-9.405,-7.071,1.154
50,-10.671,-6.654,0.401
50,-10.846,-5.135,0.505
50,-11.722,-4.639,-0.642
50,-12.322,-3.329,-0.258
51,-5.832,-7.007,0.605
51,-4.606,-6.342,1.151
51,-3.743,-5.798,0.008
51,-3.675,-6.366,-1.059
51,-3.794,-7.357,1.966
51,-4.374,-7.490,3.256
51,-2.346,-6.873,2.113
52,-3.069,-4.703,0.237
52,-2.193,-4.120,-0.823
52,-0.739,-4.552,-0.579
52,-0.322,-4.760,0.547
52,-2.296,-2.593,-0.779
52,-3.469,-2.134,-1.613
52,-4.764,-2.175,-1.083
52,-3.258,-1.665,-2.912
52,-5.848,-1.745,-1.859
52,-4.342,-1.237,-3.686
52,-5.637,-1.276,-3.159
53,0.039,-4.689,-1.618
53,1.468,-5.110,-1.443
53,2.388,-4.193,-2.259
53,2.157,-3.948,-3.424
53,1.638,-6.557,-1.925
53,0.874,-6.766,-3.102
53,1.150,-7.524,-0.849
54,3.433,-3.692,-1.655
54,4.379,-2.797,-2.393
54,5.815,-3.278,-2.153
54,6.126,-3.848,-1.122
54,4.209,-1.351,-1.893
54,5.442,-0.902,-1.100
54,4.034,-0.417,-3.090
55,6.694,-3.053,-3.088
55,8.114,-3.494,-2.906
55,9.008,-2.790,-3.933
55,8.584,-2.477,-5.026
55,8.217,-5.017,-3.083
55,7.551,-5.660,-2.002
55,9.684,-5.441,-3.080
56,10.235,-2.531,-3.579
56,11.161,-1.837,-4.521
56,11.988,-2.866,-5.304
56,12.177,-3.961,-4.806
56,12.101,-0.940,-3.718
56,11.305,0.197,-3.058
56,11.975,0.619,-1.750
56,13.170,0.411,-1.618
56,11.278,1.125,-0.894
56,12.461,-2.522,-6.379
