162,37.340,9.190,-20.684
162,36.532,8.713,-19.572
162,35.761,9.844,-18.896
162,34.536,9.782,-18.777
162,37.353,7.856,-18.553
162,38.247,8.681,-17.813
162,38.190,6.830,-19.278
163,36.453,10.931,-18.577
163,35.818,12.073,-17.934
163,34.591,12.506,-18.727
163,33.574,12.885,-18.152
163,36.806,13.231,-17.820
163,37.381,13.376,-16.419
163,36.658,13.014,-15.463
163,38.531,13.874,-16.269
164,34.683,12.412,-20.050
164,33.585,12.786,-20.923
164,32.467,11.768,-20.929
164,31.323,12.124,-20.668
164,34.079,13.050,-22.347
164,34.701,14.344,-22.376
164,32.927,12.965,-23.378
165,32.785,10.507,-21.195
165,31.754,9.477,-21.220
165,31.057,9.471,-19.869
165,29.832,9.536,-19.800
165,32.330,8.082,-21.505
165,33.062,7.798,-22.814
165,32.730,6.387,-23.221
165,32.626,8.749,-23.914
166,31.830,9.484,-18.792
166,31.240,9.465,-17.470
166,30.236,10.592,-17.341
166,29.045,10.349,-17.104
166,32.310,9.647,-16.404
166,31.737,9.820,-15.031
166,31.017,8.575,-14.586
166,31.572,7.472,-14.654
166,29.767,8.728,-14.149
167,30.705,11.817,-17.579
167,29.859,12.995,-17.466
167,28.674,12.999,-18.426
167,27.607,13.510,-18.074
167,30.668,14.241,-17.592
168,28.845,12.421,-19.616
168,27.762,12.333,-20.581
168,26.735,11.341,-20.070
168,25.575,11.701,-19.927
168,28.278,11.876,-21.922
168,27.212,11.548,-22.958
168,27.811,11.319,-24.357
168,28.523,12.219,-24.856
168,27.576,10.249,-24.964
169,27.136,10.120,-19.713
169,26.136,9.175,-19.223
169,25.378,9.738,-18.019
169,24.201,9.423,-17.815
169,26.687,7.751,-18.891
169,27.158,7.682,-17.540
169,27.776,7.353,-19.853
170,26.035,10.572,-17.221
170,25.346,11.153,-16.084
170,24.174,11.962,-16.621
170,23.048,11.851,-16.154
170,26.277,12.057,-15.272
170,27.315,11.281,-14.490
170,27.029,10.160,-14.046
170,28.434,11.796,-14.321
171,24.429,12.738,-17.652
171,23.378,13.545,-18.230
171,22.302,12.685,-18.896
171,21.129,12.804,-18.569
171,23.985,14.535,-19.213
171,23.012,15.223,-20.131
171,23.629,15.463,-21.505
171,24.861,15.468,-21.665
171,22.776,15.636,-22.512
172,22.691,11.800,-19.801
172,21.711,10.940,-20.455
172,20.857,10.223,-19.422
172,19.684,9.968,-19.675
172,22.380,9.897,-21.357
172,22.859,10.320,-22.755
172,23.302,9.096,-23.562
172,21.733,11.027,-23.488
173,21.435,9.906,-18.262
173,20.684,9.221,-17.222
173,19.595,10.134,-16.744
173,18.452,9.746,-16.628
173,21.558,8.806,-16.034
173,22.266,7.450,-16.182
173,22.527,6.702,-14.832
173,22.786,7.325,-13.759
173,22.485,5.451,-14.859
174,19.928,11.382,-16.531
174,18.923,12.290,-16.046
174,17.809,12.496,-17.057
174,16.629,12.281,-16.751
174,19.576,13.605,-15.611
174,20.182,13.519,-14.194
174,19.919,12.525,-13.473
174,20.901,14.459,-13.786
175,18.200,12.791,-18.291
175,17.250,13.024,-19.366
175,16.241,11.884,-19.383
175,15.025,12.122,-19.362
175,17.970,13.103,-20.713
175,17.040,13.527,-21.845
175,17.619,13.333,-23.245
175,18.864,13.278,-23.413
175,16.803,13.236,-24.192
176,16.751,10.654,-19.344
176,15.900,9.468,-19.343
176,14.994,9.483,-18.125
176,13.771,9.450,-18.259
176,16.751,8.191,-19.384
176,16.043,6.893,-18.967
176,16.277,6.550,-17.496
176,15.927,5.075,-17.201
176,16.862,4.010,-17.727
177,15.590,9.640,-16.953
177,14.842,9.673,-15.716
177,13.665,10.631,-15.795
177,12.552,10.294,-15.390
177,15.757,10.111,-14.573
177,15.051,10.246,-13.352
178,13.892,11.827,-16.317
178,12.813,12.801,-16.395
178,11.722,12.454,-17.411
178,10.561,12.795,-17.225
178,13.370,14.167,-16.622
179,12.091,11.800,-18.502
179,11.097,11.393,-19.482
179,10.189,10.335,-18.850
179,9.012,10.205,-19.188
179,11.772,10.835,-20.723
179,12.523,11.916,-21.496
179,12.726,11.462,-22.935
179,11.739,13.226,-21.475
180,10.741,9.565,-17.927
180,9.951,8.553,-17.266
180,8.896,9.196,-16.383
180,7.824,8.628,-16.159
180,10.841,7.613,-16.470
180,11.213,6.362,-17.251
180,12.253,5.498,-16.553
180,13.324,5.974,-16.180
180,11.946,4.216,-16.395
181,9.196,10.365,-15.841
181,8.191,11.003,-15.023
181,7.257,11.809,-15.927
181,6.048,11.861,-15.686
181,8.791,11.832,-13.841
181,9.499,12.971,-14.335
181,9.733,10.964,-12.996
182,7.800,12.355,-17.021
182,6.993,13.146,-17.963
182,5.925,12.229,-18.500
182,4.761,12.607,-18.649
182,7.825,13.715,-19.131
182,6.962,14.535,-20.128
182,7.706,15.099,-21.364
182,8.853,14.702,-21.645
182,7.118,15.956,-22.065
183,6.326,10.989,-18.724
183,5.419,9.986,-19.236
183,4.342,9.658,-18.214
183,3.166,9.717,-18.535
183,6.205,8.737,-19.706
183,6.489,8.853,-21.218
183,5.471,7.458,-19.318
183,7.737,8.117,-21.693
184,4.747,9.432,-16.966
184,3.803,9.101,-15.910
184,2.709,10.149,-15.803
184,1.531,9.816,-15.816
184,4.516,8.979,-14.593
185,3.098,11.413,-15.734
185,2.135,12.491,-15.634
185,1.285,12.618,-16.892
185,0.074,12.811,-16.804
185,2.834,13.820,-15.339
185,3.071,14.048,-13.846
185,3.108,13.096,-13.046
185,3.234,15.315,-13.463
186,1.880,12.506,-18.070
186,1.047,12.624,-19.262
186,-0.115,11.625,-19.176
186,-1.279,11.986,-19.343
186,1.862,12.402,-20.539
186,2.531,13.664,-21.076
186,3.439,13.295,-22.197
186,1.503,14.670,-21.548
187,0.202,10.403,-18.777
187,-0.795,9.370,-18.657
187,-1.934,9.760,-17.721
187,-3.105,9.661,-18.097
187,-0.135,8.065,-18.222
187,0.910,7.556,-19.229
187,1.464,6.210,-18.787
187,0.301,7.449,-20.616
188,-1.613,10.257,-16.534
188,-2.669,10.660,-15.602
188,-3.590,11.701,-16.229
188,-4.779,11.761,-15.911
188,-2.095,11.240,-14.317
188,-1.449,10.236,-13.401
188,-1.888,10.498,-11.973
188,-1.896,11.992,-11.656
188,-2.467,12.277,-10.309
189,-3.024,12.570,-17.056
189,-3.830,13.568,-17.712
189,-4.681,12.860,-18.735
189,-5.882,13.065,-18.766
189,-2.973,14.637,-18.390
189,-2.422,15.711,-17.446
189,-3.474,16.717,-16.996
189,-4.042,17.394,-17.889
189,-3.713,16.838,-15.762
190,-4.091,11.963,-19.513
190,-4.857,11.251,-20.533
190,-6.125,10.658,-19.897
190,-7.236,11.055,-20.258
190,-3.986,10.169,-21.208
190,-4.698,9.135,-22.122
190,-4.082,7.711,-21.945
190,-4.802,6.620,-22.749
190,-4.475,6.650,-24.227
191,-5.970,9.827,-18.870
191,-7.131,9.214,-18.218
191,-8.166,10.244,-17.785
191,-9.322,10.196,-18.216
191,-6.704,8.412,-16.982
191,-6.203,6.995,-17.260
191,-5.968,6.189,-15.980
191,-6.683,6.418,-14.967
191,-5.063,5.320,-15.996
192,-7.726,11.185,-16.956
192,-8.569,12.248,-16.437
192,-9.457,12.827,-17.541
192,-10.658,12.944,-17.384
192,-7.677,13.341,-15.873
192,-8.398,14.449,-15.165
192,-7.479,15.643,-15.069
192,-7.976,16.656,-14.068
192,-7.096,17.848,-14.061
193,-8.883,13.107,-18.693
193,-9.677,13.656,-19.773
193,-10.673,12.648,-20.329
193,-11.794,13.016,-20.668
193,-8.786,14.219,-20.872
193,-7.674,15.131,-20.343
193,-7.205,16.033,-21.469
193,-8.131,15.975,-19.122
286,36.147,2.501,-19.049
286,35.955,3.073,-20.397
286,34.961,2.280,-21.219
286,34.139,2.837,-21.952
286,37.254,3.120,-21.220
286,38.297,3.986,-20.539
286,36.972,3.680,-22.590
286,39.319,4.512,-21.523
287,35.085,0.971,-21.122
287,34.197,0.086,-21.834
287,32.801,0.283,-21.250
287,31.944,0.885,-21.913
287,34.658,-1.386,-21.687
288,32.634,-0.052,-19.966
288,31.335,0.054,-19.301
288,30.595,1.312,-19.707
288,29.453,1.227,-20.168
288,31.470,0.040,-17.788
288,30.123,0.226,-17.104
288,30.249,0.714,-15.663
288,31.148,-0.114,-14.867
288,32.240,0.349,-14.270
288,32.564,1.634,-14.378
288,33.011,-0.470,-13.567
289,31.282,2.454,-19.615
289,30.715,3.740,-19.974
289,30.222,3.697,-21.384
289,29.052,3.991,-21.623
289,31.750,4.833,-19.882
289,32.140,5.213,-18.474
289,33.254,6.200,-18.595
289,30.974,5.825,-17.736
290,31.091,3.303,-22.315
290,30.694,3.235,-23.721
290,29.377,2.476,-23.868
290,28.469,2.936,-24.558
290,31.774,2.562,-24.561
290,32.920,3.477,-24.949
290,33.967,2.783,-25.819
290,33.932,1.542,-25.947
290,34.836,3.481,-26.380
291,29.265,1.356,-23.151
291,28.069,0.520,-23.164
291,26.880,1.311,-22.622
291,25.844,1.430,-23.299
291,28.272,-0.735,-22.307
291,27.191,-1.804,-22.481
291,27.097,-2.333,-23.906
291,28.143,-2.701,-24.483
291,25.972,-2.384,-24.449
292,27.039,1.893,-21.433
292,25.960,2.675,-20.822
292,25.498,3.789,-21.735
292,24.297,3.923,-21.957
292,26.342,3.225,-19.440
292,26.057,2.244,-18.285
292,26.657,2.713,-16.955
292,25.895,3.883,-16.345
292,24.506,3.490,-15.961
293,26.439,4.528,-22.324
293,26.093,5.606,-23.247
293,25.214,5.066,-24.358
293,24.223,5.697,-24.711
293,27.331,6.252,-23.887
293,27.063,6.603,-25.354
293,27.665,7.509,-23.164
294,25.565,3.893,-24.886
294,24.799,3.277,-25.971
294,23.361,2.998,-25.575
294,22.437,3.559,-26.179
294,25.448,1.967,-26.453
294,24.676,1.260,-27.560
294,25.338,-0.046,-27.969
294,26.693,0.191,-28.615
294,27.321,-1.083,-29.062
295,23.157,2.192,-24.539
295,21.791,1.891,-24.184
295,21.023,3.131,-23.795
295,19.858,3.297,-24.203
295,21.646,0.784,-23.132
295,22.258,1.177,-21.905
295,22.271,-0.512,-23.646
296,21.671,4.043,-23.075
296,20.970,5.255,-22.687
296,20.439,5.959,-23.901
296,19.242,6.132,-23.979
296,21.810,6.188,-21.827
296,21.876,5.761,-20.356
296,21.916,6.997,-19.476
296,20.671,4.920,-20.006
297,21.277,6.183,-24.915
297,20.835,6.854,-26.156
297,19.525,6.228,-26.677
297,18.563,6.951,-26.976
297,21.898,6.767,-27.272
297,23.195,7.530,-27.037
297,23.336,8.787,-27.899
297,24.821,9.057,-28.281
297,25.635,9.954,-27.382
298,19.460,4.895,-26.697
298,18.270,4.195,-27.183
298,17.042,4.367,-26.306
298,16.107,5.073,-26.706
298,18.554,2.710,-27.394
299,17.069,3.792,-25.100
299,15.926,3.884,-24.184
299,15.492,5.348,-24.114
299,14.323,5.692,-24.330
299,16.311,3.451,-22.767
299,17.003,2.124,-22.637
299,17.346,1.803,-21.190
299,17.243,2.660,-20.315
299,17.737,0.562,-20.932
300,16.475,6.198,-23.850
300,16.300,7.628,-23.757
300,15.615,8.130,-25.053
300,14.674,8.918,-24.965
300,17.680,8.239,-23.541
300,17.663,9.721,-23.330
300,17.445,10.192,-22.216
300,18.046,10.468,-24.361
301,16.010,7.641,-26.236
301,15.355,8.086,-27.477
301,13.921,7.561,-27.601
301,13.004,8.318,-27.949
301,16.146,7.705,-28.732
301,17.340,8.462,-28.837
302,13.703,6.286,-27.287
302,12.362,5.711,-27.385
302,11.323,6.366,-26.454
302,10.234,6.766,-26.899
302,12.411,4.218,-27.123
302,11.059,3.562,-27.193
302,10.974,2.374,-26.280
302,11.505,1.306,-26.661
302,10.391,2.515,-25.179
303,11.651,6.480,-25.168
303,10.742,7.102,-24.215
303,10.362,8.502,-24.692
303,9.317,9.033,-24.330
303,11.364,7.153,-22.826
303,11.477,5.787,-22.140
303,11.974,5.962,-20.726
303,10.128,5.081,-22.121
304,11.221,9.099,-25.509
304,10.948,10.414,-26.050
304,9.810,10.274,-27.037
304,8.891,11.092,-27.047
304,12.172,10.969,-26.757
305,9.858,9.232,-27.861
305,8.811,9.034,-28.857
305,7.480,8.826,-28.139
305,6.531,9.587,-28.388
305,9.137,7.864,-29.795
305,8.553,8.039,-31.076
306,7.430,7.883,-27.188
306,6.190,7.634,-26.430
306,5.750,8.936,-25.729
306,4.553,9.206,-25.557
306,6.362,6.507,-25.373
306,6.856,5.328,-26.008
306,5.029,6.159,-24.711
307,6.728,9.751,-25.351
307,6.448,11.019,-24.699
307,5.702,11.915,-25.672
307,4.829,12.681,-25.271
307,7.739,11.683,-24.257
308,6.050,11.821,-26.955
308,5.391,12.644,-27.959
308,4.027,12.136,-28.363
308,3.101,12.937,-28.529
308,6.310,12.928,-29.132
308,7.408,13.934,-28.764
308,7.164,15.147,-28.679
308,8.608,13.427,-28.486
309,3.872,10.813,-28.446
309,2.563,10.238,-28.773
309,1.630,10.779,-27.694
309,0.513,11.201,-27.984
309,2.536,8.691,-28.700
309,3.457,7.957,-29.665
309,3.544,6.595,-32.180
310,2.113,10.808,-26.453
310,1.305,11.291,-25.343
310,1.080,12.800,-25.274
310,-0.054,13.234,-25.076
310,1.801,10.708,-24.017
310,1.638,9.190,-24.104
310,2.238,8.522,-22.934
310,0.190,8.828,-24.214
311,2.111,13.607,-25.486
311,1.912,15.048,-25.436
311,0.742,15.459,-26.362
311,-0.257,16.020,-25.884
311,3.189,15.775,-25.842
311,3.888,16.535,-24.735
311,5.301,17.033,-25.183
311,6.291,15.950,-25.336
311,7.615,16.098,-25.222
311,8.144,17.287,-24.957
311,8.416,15.042,-25.314
312,0.813,15.091,-27.648
312,-0.241,15.439,-28.622
312,-1.644,14.946,-28.231
312,-2.609,15.710,-28.305
312,0.128,14.946,-30.034
313,-1.751,13.684,-27.802
313,-3.034,13.096,-27.375
313,-3.637,13.944,-26.249
313,-4.852,14.101,-26.147
313,-2.841,11.678,-26.835
313,-2.699,10.562,-27.844
313,-2.728,9.191,-27.156
313,-3.262,9.045,-26.040
313,-2.153,8.185,-27.809
314,-2.794,14.444,-25.363
314,-3.325,15.252,-24.304
314,-3.754,16.560,-24.927
314,-4.861,17.013,-24.708
314,-2.309,15.504,-23.168
314,-2.979,16.281,-22.053
314,-1.792,14.193,-22.615
315,-2.905,17.137,-25.759
315,-3.244,18.406,-26.386
315,-4.637,18.286,-26.985
315,-5.534,19.058,-26.639
315,-2.232,18.749,-27.475
316,-4.832,17.232,-27.775
316,-6.105,16.949,-28.436
316,-7.287,16.846,-27.455
316,-8.315,17.521,-27.615
316,-5.985,15.650,-29.234
317,-7.131,16.016,-26.432
317,-8.180,15.834,-25.461
317,-8.483,17.106,-24.679
317,-9.642,17.409,-24.438
317,-7.865,14.633,-24.566
317,-7.986,13.281,-25.292
317,-7.382,12.189,-24.477
317,-9.447,12.957,-25.587
